Date,0
2008-12-26,
2008-12-29,
2008-12-30,
2008-12-31,
2009-01-01,
2009-01-02,
2009-01-05,
2009-01-06,
2009-01-07,
2009-01-08,
2009-01-09,
2009-01-12,
2009-01-13,
2009-01-14,
2009-01-15,
2009-01-16,
2009-01-19,
2009-01-20,
2009-01-21,
2009-01-22,
2009-01-23,-0.0
2009-01-26,0.0
2009-01-27,0.0
2009-01-28,0.0
2009-01-29,0.0
2009-01-30,0.0
2009-02-02,-0.0
2009-02-03,0.0
2009-02-04,0.0
2009-02-05,0.0
2009-02-06,0.0
2009-02-09,0.0
2009-02-10,-0.0
2009-02-11,-0.0
2009-02-12,-0.0
2009-02-13,0.0
2009-02-16,-0.0
2009-02-17,0.0
2009-02-18,0.0
2009-02-19,-0.0
2009-02-20,0.0
2009-02-23,0.0
2009-02-24,-0.0
2009-02-25,-0.0
2009-02-26,0.0
2009-02-27,-0.0
2009-03-02,-0.0
2009-03-03,0.0
2009-03-04,0.0
2009-03-05,0.0
2009-03-06,-0.0
2009-03-09,-0.0
2009-03-10,-0.0
2009-03-11,0.0
2009-03-12,0.0
2009-03-13,0.0
2009-03-16,0.0
2009-03-17,-0.0
2009-03-18,0.0
2009-03-19,0.0
2009-03-20,-0.0
2009-03-23,0.0
2009-03-24,0.0
2009-03-25,
2009-03-26,
2009-03-27,
2009-03-30,
2009-03-31,
2009-04-01,
2009-04-02,
2009-04-03,
2009-04-06,
2009-04-07,
2009-04-08,
2009-04-09,
2009-04-10,
2009-04-13,
2009-04-14,
2009-04-15,
2009-04-16,
2009-04-17,
2009-04-20,
2009-04-21,
2009-04-22,-0.0
2009-04-23,0.0
2009-04-24,-0.0
2009-04-27,0.0
2009-04-28,-0.0
2009-04-29,-0.0
2009-04-30,0.0
2009-05-01,0.0
2009-05-04,-0.0
2009-05-05,0.0
2009-05-06,0.0
2009-05-07,-0.0
2009-05-08,-0.0
2009-05-11,-0.0
2009-05-12,0.0
2009-05-13,-0.0
2009-05-14,0.0
2009-05-15,0.0
2009-05-18,0.0
2009-05-19,0.0
2009-05-20,0.0
2009-05-21,-0.0
2009-05-22,-0.0
2009-05-25,-0.0
2009-05-26,0.0
2009-05-27,0.0
2009-05-28,-0.0
2009-05-29,-0.0
2009-06-01,0.0
2009-06-02,-0.0
2009-06-03,-0.0
2009-06-04,-0.0
2009-06-05,0.0
2009-06-08,0.0
2009-06-09,0.0
2009-06-10,0.0
2009-06-11,-0.0010419080805814302
2009-06-12,0.004034685458563217
2009-06-15,-0.028635215556803626
2009-06-16,-0.00878452367113202
2009-06-17,0.01989970561361322
2009-06-18,-0.0010036025937823145
2009-06-19,-0.013700419821048363
2009-06-22,
2009-06-23,
2009-06-24,
2009-06-25,
2009-06-26,
2009-06-29,
2009-06-30,
2009-07-01,
2009-07-02,
2009-07-03,
2009-07-06,
2009-07-07,
2009-07-08,
2009-07-09,
2009-07-10,
2009-07-13,
2009-07-14,
2009-07-15,
2009-07-16,
2009-07-17,
2009-07-20,0.0
2009-07-21,-0.0
2009-07-22,0.0
2009-07-23,0.0
2009-07-24,-0.0
2009-07-27,-0.0
2009-07-28,0.0
2009-07-29,0.0
2009-07-30,0.0
2009-07-31,-0.0
2009-08-03,-0.0
2009-08-04,-0.0
2009-08-05,0.0
2009-08-06,-0.0
2009-08-07,0.0
2009-08-10,-0.0
2009-08-11,-0.0
2009-08-12,-0.0
2009-08-13,-0.0
2009-08-14,0.0
2009-08-17,-0.0
2009-08-18,0.0
2009-08-19,-0.0
2009-08-20,-0.0
2009-08-21,-0.0
2009-08-24,-0.0
2009-08-25,-0.001220420999842637
2009-08-26,-0.002543908305778402
2009-08-27,-0.02894376804029571
2009-08-28,-0.0017190030765554503
2009-08-31,0.009709128794693876
2009-09-01,0.008086624441002391
2009-09-02,0.006958287000584647
2009-09-03,0.011315804249507105
2009-09-04,0.00031463445161971433
2009-09-07,-0.013919722181902577
2009-09-08,-0.01149806142567932
2009-09-09,-0.0062360193661120675
2009-09-10,0.007015523544356666
2009-09-11,0.002791493329235827
2009-09-14,-0.015465333115880636
2009-09-15,-0.012914403746772505
2009-09-16,-0.006701711276868432
2009-09-17,
2009-09-18,
2009-09-21,
2009-09-22,
2009-09-23,
2009-09-24,
2009-09-25,
2009-09-28,
2009-09-29,
2009-09-30,
2009-10-01,
2009-10-02,
2009-10-05,
2009-10-06,
2009-10-07,
2009-10-08,
2009-10-09,
2009-10-12,
2009-10-13,
2009-10-14,
2009-10-15,0.014196675655430134
2009-10-16,0.0051056933918300655
2009-10-19,-0.0026502036972499933
2009-10-20,0.0013700394783309152
2009-10-21,0.004728147282502696
2009-10-22,-0.0020764513381348903
2009-10-23,-0.012996166887638808
2009-10-26,0.011432360543030944
2009-10-27,0.007786239175641755
2009-10-28,0.0
2009-10-29,-0.0
2009-10-30,0.0
2009-11-02,-0.0
2009-11-03,0.0
2009-11-04,-0.0
2009-11-05,0.0
2009-11-06,0.0
2009-11-09,-0.0
2009-11-10,-0.0
2009-11-11,-0.0
2009-11-12,0.0
2009-11-13,-0.0
2009-11-16,0.0
2009-11-17,0.0
2009-11-18,-0.0
2009-11-19,-0.0
2009-11-20,-0.0
2009-11-23,-0.0
2009-11-24,-0.0
2009-11-25,-0.0
2009-11-26,0.0
2009-11-27,0.0
2009-11-30,-0.0
2009-12-01,0.0
2009-12-02,0.0
2009-12-03,-0.0
2009-12-04,0.0
2009-12-07,0.0
2009-12-08,0.0
2009-12-09,-0.0
2009-12-10,0.0
2009-12-11,0.0
2009-12-14,-0.0
2009-12-15,
2009-12-16,
2009-12-17,
2009-12-18,
2009-12-21,
2009-12-22,
2009-12-23,
2009-12-24,
2009-12-25,
2009-12-28,
2009-12-29,
2009-12-30,
2009-12-31,
2010-01-01,
2010-01-04,
2010-01-05,
2010-01-06,
2010-01-07,
2010-01-08,
2010-01-11,
2010-01-12,0.0
2010-01-13,0.0
2010-01-14,0.0
2010-01-15,0.0
2010-01-18,0.0
2010-01-19,-0.0003327225201342191
2010-01-20,-0.016542499289486708
2010-01-21,0.005039105364367884
2010-01-22,0.011252766557502987
2010-01-25,-0.007929330819608891
2010-01-26,-0.0007713102441136599
2010-01-27,-0.007933685265153749
2010-01-28,-0.005032923831414094
2010-01-29,-0.0011120503539224324
2010-02-01,0.00976473127094836
2010-02-02,0.0031764044203907295
2010-02-03,-0.003989736644597791
2010-02-04,-0.00807540431595472
2010-02-05,0.00012261835033068784
2010-02-08,0.0028656876181457347
2010-02-09,0.006888312781011831
2010-02-10,0.0023413758207977875
2010-02-11,-0.013292381892032433
2010-02-12,-0.004732667820524882
2010-02-15,-0.001467037659143367
2010-02-16,0.009105396458603289
2010-02-17,-0.010061333794286387
2010-02-18,0.0007136364035607982
2010-02-19,0.013055062878578062
2010-02-22,-0.002349882776293913
2010-02-23,-0.005546918473366233
2010-02-24,0.0034404966398905185
2010-02-25,0.009287153885305087
2010-02-26,-0.0
2010-03-01,-0.0
2010-03-02,-0.0
2010-03-03,-0.0
2010-03-04,0.0
2010-03-05,0.0
2010-03-08,-0.0
2010-03-09,-0.0
2010-03-10,-0.0
2010-03-11,0.0
2010-03-12,
2010-03-15,
2010-03-16,
2010-03-17,
2010-03-18,
2010-03-19,
2010-03-22,
2010-03-23,
2010-03-24,
2010-03-25,
2010-03-26,
2010-03-29,
2010-03-30,
2010-03-31,
2010-04-01,
2010-04-02,
2010-04-05,
2010-04-06,
2010-04-07,
2010-04-08,
2010-04-09,-0.0
2010-04-12,-0.0
2010-04-13,-0.0
2010-04-14,0.0
2010-04-15,0.0
2010-04-16,0.0
2010-04-19,-0.0
2010-04-20,0.0
2010-04-21,0.0
2010-04-22,-0.0011917721449931523
2010-04-23,0.028903665639082875
2010-04-26,-0.009037532632624062
2010-04-27,-0.01773660160911285
2010-04-28,0.012075895681276975
2010-04-29,-0.007504073575462827
2010-04-30,0.010832323149153139
2010-05-03,-0.009603601245244796
2010-05-04,-0.018243364344246622
2010-05-05,-0.013538591391390657
2010-05-06,-0.0040109266007077515
2010-05-07,0.014992515652285899
2010-05-10,-0.002231629489812734
2010-05-11,-0.014186110932539788
2010-05-12,0.004561074968900116
2010-05-13,0.00298709256825721
2010-05-14,-0.009685046848721998
2010-05-17,0.004868264539660001
2010-05-18,-0.007058112981357865
2010-05-19,0.009154163783322759
2010-05-20,0.007879102200331136
2010-05-21,0.000307830334636234
2010-05-24,-0.010280394783389584
2010-05-25,-0.0004684517872331488
2010-05-26,-0.009202702754992995
2010-05-27,0.003931052523780495
2010-05-28,-0.00047614102302176344
2010-05-31,-0.0017018762565254658
2010-06-01,-0.008606144884297387
2010-06-02,0.001002354374287886
2010-06-03,-0.0036933726288853894
2010-06-04,-0.006269019794006007
2010-06-07,-0.003928538348629558
2010-06-08,0.004564889471579992
2010-06-09,
2010-06-10,
2010-06-11,
2010-06-14,
2010-06-15,
2010-06-16,
2010-06-17,
2010-06-18,
2010-06-21,
2010-06-22,
2010-06-23,
2010-06-24,
2010-06-25,
2010-06-28,
2010-06-29,
2010-06-30,
2010-07-01,
2010-07-02,
2010-07-05,
2010-07-06,
2010-07-07,0.0
2010-07-08,-0.0
2010-07-09,-0.0
2010-07-12,0.0
2010-07-13,-0.0
2010-07-14,0.0
2010-07-15,-0.0
2010-07-16,-0.0
2010-07-19,-0.0
2010-07-20,0.0
2010-07-21,0.0
2010-07-22,-0.0
2010-07-23,0.0
2010-07-26,-0.0
2010-07-27,0.0
2010-07-28,0.0
2010-07-29,-0.0
2010-07-30,0.0
2010-08-02,0.0
2010-08-03,-0.0
2010-08-04,0.0
2010-08-05,0.0
2010-08-06,-0.0
2010-08-09,-0.0
2010-08-10,0.0
2010-08-11,0.0
2010-08-12,0.0
2010-08-13,-0.0
2010-08-16,0.0
2010-08-17,-0.0
2010-08-18,-0.0
2010-08-19,0.0
2010-08-20,0.0
2010-08-23,0.0
2010-08-24,0.0
2010-08-25,-0.0
2010-08-26,0.0
2010-08-27,-0.0
2010-08-30,-0.0
2010-08-31,0.0
2010-09-01,-0.0
2010-09-02,-0.0
2010-09-03,-0.0
2010-09-06,
2010-09-07,
2010-09-08,
2010-09-09,
2010-09-10,
2010-09-13,
2010-09-14,
2010-09-15,
2010-09-16,
2010-09-17,
2010-09-20,
2010-09-21,
2010-09-22,
2010-09-23,
2010-09-24,
2010-09-27,
2010-09-28,
2010-09-29,
2010-09-30,
2010-10-01,
2010-10-04,-0.006049270281295593
2010-10-05,0.02710394541321924
2010-10-06,-0.01578177226386235
2010-10-07,-0.01884369187553128
2010-10-08,0.0017722971554294652
2010-10-11,0.005756498333920649
2010-10-12,0.003974121788812764
2010-10-13,-0.017215189850642448
2010-10-14,0.008070892268965582
2010-10-15,0.00281996999673984
2010-10-18,0.007938271417095839
2010-10-19,-0.008386782679505348
2010-10-20,-0.004856762677177547
2010-10-21,-0.004416381615246229
2010-10-22,-0.011906175868717983
2010-10-25,-0.00656219853278316
2010-10-26,0.0032372494886046513
2010-10-27,0.018614152809111658
2010-10-28,-0.001392963883080118
2010-10-29,0.0
2010-11-01,0.009397870476274743
2010-11-02,0.0
2010-11-03,-0.0
2010-11-04,0.0
2010-11-05,0.0
2010-11-08,0.0
2010-11-09,0.0
2010-11-10,-0.0
2010-11-11,0.0
2010-11-12,0.0
2010-11-15,-0.0
2010-11-16,0.0
2010-11-17,-0.0
2010-11-18,-0.0
2010-11-19,0.0
2010-11-22,-0.0
2010-11-23,0.0
2010-11-24,0.0
2010-11-25,0.0
2010-11-26,-0.0
2010-11-29,-0.0
2010-11-30,0.0
2010-12-01,0.0
2010-12-02,
2010-12-03,
2010-12-06,
2010-12-07,
2010-12-08,
2010-12-09,
2010-12-10,
2010-12-13,
2010-12-14,
2010-12-15,
2010-12-16,
2010-12-17,
2010-12-20,
2010-12-21,
2010-12-22,
2010-12-23,
2010-12-24,
2010-12-27,
2010-12-28,
2010-12-29,
2010-12-30,0.0
2010-12-31,-0.0
2011-01-03,0.0
2011-01-04,-0.0
2011-01-05,0.0
2011-01-06,0.0
2011-01-07,0.0
2011-01-10,0.0
2011-01-11,-0.0
2011-01-12,0.0
2011-01-13,0.0
2011-01-14,-0.0
2011-01-17,0.0
2011-01-18,0.0
2011-01-19,-0.0
2011-01-20,-0.0
2011-01-21,-0.0
2011-01-24,-0.0
2011-01-25,-0.0
2011-01-26,-0.0
2011-01-27,0.0
2011-01-28,-0.0
2011-01-31,0.0
2011-02-01,0.0
2011-02-02,0.0
2011-02-03,0.0
2011-02-04,0.0
2011-02-07,0.0
2011-02-08,0.0
2011-02-09,-0.0
2011-02-10,-0.0
2011-02-11,0.0
2011-02-14,-0.0
2011-02-15,0.0
2011-02-16,0.0
2011-02-17,-0.0
2011-02-18,0.0
2011-02-21,0.0
2011-02-22,0.0
2011-02-23,-0.0
2011-02-24,0.0
2011-02-25,-0.0
2011-02-28,0.0
2011-03-01,
2011-03-02,
2011-03-03,
2011-03-04,
2011-03-07,
2011-03-08,
2011-03-09,
2011-03-10,
2011-03-11,
2011-03-14,
2011-03-15,
2011-03-16,
2011-03-17,
2011-03-18,
2011-03-21,
2011-03-22,
2011-03-23,
2011-03-24,
2011-03-25,
2011-03-28,
2011-03-29,-0.0
2011-03-30,-0.0
2011-03-31,0.0
2011-04-01,-0.000799640890855859
2011-04-04,0.013279741602982072
2011-04-05,0.003746114704193047
2011-04-06,0.02801308637619241
2011-04-07,-0.0
2011-04-08,0.0
2011-04-11,-0.0
2011-04-12,-0.0
2011-04-13,-0.0
2011-04-14,0.0
2011-04-15,0.0
2011-04-18,0.0
2011-04-19,0.0
2011-04-20,-0.0
2011-04-21,-0.0
2011-04-22,0.0
2011-04-25,0.0
2011-04-26,-0.0
2011-04-27,-0.0
2011-04-28,0.0
2011-04-29,-0.0
2011-05-02,0.0
2011-05-03,-0.0
2011-05-04,-0.0
2011-05-05,0.0
2011-05-06,0.0
2011-05-09,0.0
2011-05-10,0.0
2011-05-11,-0.0
2011-05-12,0.0
2011-05-13,-0.0
2011-05-16,0.0
2011-05-17,-0.0
2011-05-18,-0.0
2011-05-19,-0.0
2011-05-20,0.0
2011-05-23,0.0
2011-05-24,-0.0
2011-05-25,0.0
2011-05-26,0.0
2011-05-27,
2011-05-30,
2011-05-31,
2011-06-01,
2011-06-02,
2011-06-03,
2011-06-06,
2011-06-07,
2011-06-08,
2011-06-09,
2011-06-10,
2011-06-13,
2011-06-14,
2011-06-15,
2011-06-16,
2011-06-17,
2011-06-20,
2011-06-21,
2011-06-22,
2011-06-23,
2011-06-24,-0.0017008150671537787
2011-06-27,-4.588879401979003e-05
2011-06-28,-0.02053518010492129
2011-06-29,-0.008782768238274655
2011-06-30,0.003583832078687334
2011-07-01,-0.012211769901771632
2011-07-04,-0.002148267445517191
2011-07-05,0.0064447781098831295
2011-07-06,0.014248219066114762
2011-07-07,0.0006530006637265418
2011-07-08,-0.012826002561195234
2011-07-11,0.022655209088063497
2011-07-12,-0.0021638245680304044
2011-07-13,0.007911854501189728
2011-07-14,0.0
2011-07-15,0.0
2011-07-18,-0.0
2011-07-19,-0.0
2011-07-20,0.0
2011-07-21,-0.0
2011-07-22,0.0
2011-07-25,0.0
2011-07-26,-0.0
2011-07-27,0.0
2011-07-28,-0.0
2011-07-29,0.0
2011-08-01,0.0
2011-08-02,-0.0
2011-08-03,0.0
2011-08-04,0.0
2011-08-05,-0.0
2011-08-08,0.0
2011-08-09,-0.0
2011-08-10,-0.0
2011-08-11,-0.0
2011-08-12,0.0
2011-08-15,0.0
2011-08-16,-0.0
2011-08-17,0.0
2011-08-18,0.0
2011-08-19,0.0
2011-08-22,-0.0
2011-08-23,-0.0
2011-08-24,
2011-08-25,
2011-08-26,
2011-08-29,
2011-08-30,
2011-08-31,
2011-09-01,
2011-09-02,
2011-09-05,
2011-09-06,
2011-09-07,
2011-09-08,
2011-09-09,
2011-09-12,
2011-09-13,
2011-09-14,
2011-09-15,
2011-09-16,
2011-09-19,
2011-09-20,
2011-09-21,0.0
2011-09-22,-0.0
2011-09-23,-0.000772567059023416
2011-09-26,0.028903665628190068
2011-09-27,0.019224091137321115
2011-09-28,0.010512289441240356
2011-09-29,-0.0
2011-09-30,-0.0
2011-10-03,0.0
2011-10-04,-0.0
2011-10-05,-0.0
2011-10-06,-0.0
2011-10-07,-0.0
2011-10-10,0.0
2011-10-11,-0.0
2011-10-12,-0.0
2011-10-13,0.0
2011-10-14,0.0
2011-10-17,-0.0
2011-10-18,0.0
2011-10-19,-0.0
2011-10-20,0.0
2011-10-21,0.0
2011-10-24,0.0
2011-10-25,0.0
2011-10-26,0.0
2011-10-27,-0.0
2011-10-28,-0.0
2011-10-31,0.0
2011-11-01,0.0
2011-11-02,-0.0
2011-11-03,-0.0
2011-11-04,0.0
2011-11-07,0.0
2011-11-08,0.0
2011-11-09,-0.0
2011-11-10,0.0
2011-11-11,-0.0
2011-11-14,0.0
2011-11-15,-0.0
2011-11-16,-0.0
2011-11-17,-0.0
2011-11-18,0.0
2011-11-21,
2011-11-22,
2011-11-23,
2011-11-24,
2011-11-25,
2011-11-28,
2011-11-29,
2011-11-30,
2011-12-01,
2011-12-02,
2011-12-05,
2011-12-06,
2011-12-07,
2011-12-08,
2011-12-09,
2011-12-12,
2011-12-13,
2011-12-14,
2011-12-15,
2011-12-16,
2011-12-19,-0.0
2011-12-20,0.0
2011-12-21,-0.0007897119415663018
2011-12-22,-0.010635328384170958
2011-12-23,0.000731642445992745
2011-12-26,0.024049943814103317
2011-12-27,-0.005776053348645416
2011-12-28,-0.00975117135975618
2011-12-29,0.022975985416325808
2011-12-30,0.008442114940491111
2012-01-02,0.0
2012-01-03,0.0
2012-01-04,0.0
2012-01-05,0.0
2012-01-06,-0.0
2012-01-09,-0.0
2012-01-10,-0.0
2012-01-11,0.0
2012-01-12,-0.0
2012-01-13,-0.0
2012-01-16,0.0
2012-01-17,0.0
2012-01-18,-0.0
2012-01-19,0.0
2012-01-20,-0.0
2012-01-23,0.0
2012-01-24,-0.0
2012-01-25,0.0
2012-01-26,-0.0
2012-01-27,0.0
2012-01-30,-0.0
2012-01-31,0.0
2012-02-01,0.0
2012-02-02,0.0
2012-02-03,-0.0
2012-02-06,0.0
2012-02-07,0.0
2012-02-08,-0.0
2012-02-09,-0.0
2012-02-10,-0.0
2012-02-13,-0.0
2012-02-14,-0.0
2012-02-15,-0.0
2012-02-16,
2012-02-17,
2012-02-20,
2012-02-21,
2012-02-22,
2012-02-23,
2012-02-24,
2012-02-27,
2012-02-28,
2012-02-29,
2012-03-01,
2012-03-02,
2012-03-05,
2012-03-06,
2012-03-07,
2012-03-08,
2012-03-09,
2012-03-12,
2012-03-13,
2012-03-14,
2012-03-15,-0.0
2012-03-16,0.0
2012-03-19,0.0
2012-03-20,0.0
2012-03-21,-0.0
2012-03-22,0.0
2012-03-23,-0.0
2012-03-26,-0.0
2012-03-27,0.0
2012-03-28,0.0
2012-03-29,-0.0
2012-03-30,0.0
2012-04-02,0.0
2012-04-03,-0.0007871801009573714
2012-04-04,0.017911672010955268
2012-04-05,-0.016648318180881357
2012-04-06,0.005695260421684754
2012-04-09,-0.012776785550457675
2012-04-10,-0.0015925568550562868
2012-04-11,0.007971646743506939
2012-04-12,-0.010125246505378578
2012-04-13,0.0035092648427045075
2012-04-16,0.004532243025058679
2012-04-17,0.0009878876132672495
2012-04-18,-0.010358558684816251
2012-04-19,-0.018389270547642007
2012-04-20,-0.004068406106881204
2012-04-23,-0.005612196587475317
2012-04-24,-0.005216809079635754
2012-04-25,0.0017087546996777982
2012-04-26,-0.0017282928303319412
2012-04-27,-0.005787667319328898
2012-04-30,-0.012161304710034824
2012-05-01,0.007851773437961163
2012-05-02,0.0019604901955353124
2012-05-03,-0.0066661895903452435
2012-05-04,0.0013905629954390798
2012-05-07,-0.011829760159965818
2012-05-08,-0.001157374851361031
2012-05-09,-2.4127912724731072e-05
2012-05-10,-0.0064434722941988385
2012-05-11,2.0523126984078617e-05
2012-05-14,0.00662664486730369
2012-05-15,
2012-05-16,
2012-05-17,
2012-05-18,
2012-05-21,
2012-05-22,
2012-05-23,
2012-05-24,
2012-05-25,
2012-05-28,
2012-05-29,
2012-05-30,
2012-05-31,
2012-06-01,
2012-06-04,
2012-06-05,
2012-06-06,
2012-06-07,
2012-06-08,
2012-06-11,
2012-06-12,0.0
2012-06-13,0.0
2012-06-14,-0.0
2012-06-15,0.0
2012-06-18,0.0
2012-06-19,0.0
2012-06-20,-0.0
2012-06-21,-0.0
2012-06-22,-0.0
2012-06-25,-0.0
2012-06-26,0.0
2012-06-27,0.0
2012-06-28,-0.0
2012-06-29,-0.0
2012-07-02,0.0
2012-07-03,0.0
2012-07-04,-0.0
2012-07-05,-0.0
2012-07-06,0.0
2012-07-09,0.0
2012-07-10,0.0
2012-07-11,0.0
2012-07-12,-0.0
2012-07-13,-0.0
2012-07-16,0.0
2012-07-17,0.0
2012-07-18,0.0
2012-07-19,-0.0
2012-07-20,0.0
2012-07-23,-0.0
2012-07-24,-0.0
2012-07-25,0.0
2012-07-26,-0.0
2012-07-27,0.0
2012-07-30,0.0
2012-07-31,0.0
2012-08-01,-0.0
2012-08-02,-0.0
2012-08-03,0.0
2012-08-06,-0.0
2012-08-07,-0.0
2012-08-08,0.0
2012-08-09,0.0
2012-08-10,
2012-08-13,
2012-08-14,
2012-08-15,
2012-08-16,
2012-08-17,
2012-08-20,
2012-08-21,
2012-08-22,
2012-08-23,
2012-08-24,
2012-08-27,
2012-08-28,
2012-08-29,
2012-08-30,
2012-08-31,
2012-09-03,
2012-09-04,
2012-09-05,
2012-09-06,
2012-09-07,0.0
2012-09-10,0.0
2012-09-11,-0.0
2012-09-12,0.0
2012-09-13,0.0
2012-09-14,0.0
2012-09-17,-0.0006667169525160528
2012-09-18,-0.007303467731845187
2012-09-19,-0.007320378581384302
2012-09-20,0.005582603319921683
2012-09-21,-0.008009899989163776
2012-09-24,-0.003488551067946489
2012-09-25,-0.0018330293099713198
2012-09-26,0.0043625788075603395
2012-09-27,0.0024700578068952215
2012-09-28,-0.012687215931131465
2012-10-01,0.019865659039197736
2012-10-02,0.00853592832561079
2012-10-03,0.002694038218198336
2012-10-04,0.009429797191098129
2012-10-05,-0.011761590104660729
2012-10-08,0.010368089857283668
2012-10-09,-0.0
2012-10-10,0.0
2012-10-11,0.0
2012-10-12,0.0
2012-10-15,0.0
2012-10-16,0.0
2012-10-17,-0.0
2012-10-18,0.0
2012-10-19,-0.0
2012-10-22,-0.0
2012-10-23,0.0
2012-10-24,-0.0
2012-10-25,0.0
2012-10-26,0.0
2012-10-29,-0.0
2012-10-30,-0.0
2012-10-31,0.0
2012-11-01,0.0
2012-11-02,0.0
2012-11-05,-0.0
2012-11-06,-0.0
2012-11-07,
2012-11-08,
2012-11-09,
2012-11-12,
2012-11-13,
2012-11-14,
2012-11-15,
2012-11-16,
2012-11-19,
2012-11-20,
2012-11-21,
2012-11-22,
2012-11-23,
2012-11-26,
2012-11-27,
2012-11-28,
2012-11-29,
2012-11-30,
2012-12-03,
2012-12-04,
2012-12-05,-0.0
2012-12-06,0.0
2012-12-07,-0.0
2012-12-10,0.0
2012-12-11,0.0
2012-12-12,0.0
2012-12-13,-0.0
2012-12-14,-0.0
2012-12-17,0.0
2012-12-18,0.0
2012-12-19,0.0
2012-12-20,0.0
2012-12-21,0.0
2012-12-24,-0.0
2012-12-25,-0.0
2012-12-26,0.0
2012-12-27,-0.0
2012-12-28,-0.0
2012-12-31,0.0
2013-01-01,0.0
2013-01-02,0.0
2013-01-03,0.0
2013-01-04,-0.0
2013-01-07,-0.0
2013-01-08,0.0
2013-01-09,-0.0
2013-01-10,-0.0
2013-01-11,0.0
2013-01-14,-0.0
2013-01-15,-0.0
2013-01-16,0.0
2013-01-17,-0.0006391604318064961
2013-01-18,-0.016528735920643824
2013-01-21,-0.02636319982922842
2013-01-22,-0.003755938459150747
2013-01-23,0.00011042203940689819
2013-01-24,-0.0011361568823848958
2013-01-25,-0.015806332174416914
2013-01-28,-0.008755366116882508
2013-01-29,-0.014463666463669035
2013-01-30,0.00675113482335223
2013-01-31,0.004671887422372253
2013-02-01,0.009930205271580284
2013-02-04,
2013-02-05,
2013-02-06,
2013-02-07,
2013-02-08,
2013-02-11,
2013-02-12,
2013-02-13,
2013-02-14,
2013-02-15,
2013-02-18,
2013-02-19,
2013-02-20,
2013-02-21,
2013-02-22,
2013-02-25,
2013-02-26,
2013-02-27,
2013-02-28,
2013-03-01,
2013-03-04,-0.00847692793141788
2013-03-05,0.006322452891431624
2013-03-06,0.0004096397756701722
2013-03-07,-0.008708568998326269
2013-03-08,-0.0006727114625394007
2013-03-11,-0.006435465560482308
2013-03-12,-0.001482540936658598
2013-03-13,8.266407631659449e-05
2013-03-14,0.0035374279498137985
2013-03-15,0.011484558130145546
2013-03-18,0.003972679359528354
2013-03-19,-0.0018129751418003855
2013-03-20,0.0016393603588529637
2013-03-21,-0.001907850389848541
2013-03-22,0.0077933975473883765
2013-03-25,0.0024652654406653192
2013-03-26,-0.0
2013-03-27,-0.0
2013-03-28,-0.0
2013-03-29,0.0
2013-04-01,0.0
2013-04-02,0.0
2013-04-03,-0.0
2013-04-04,0.0
2013-04-05,0.0
2013-04-08,0.0
2013-04-09,-0.0
2013-04-10,0.0
2013-04-11,0.0
2013-04-12,0.0
2013-04-15,-0.0
2013-04-16,-0.0
2013-04-17,0.0
2013-04-18,-0.0
2013-04-19,0.0
2013-04-22,-0.0
2013-04-23,0.0
2013-04-24,-0.0
2013-04-25,0.0
2013-04-26,0.0
2013-04-29,0.0
2013-04-30,-0.0
2013-05-01,0.0
2013-05-02,
2013-05-03,
2013-05-06,
2013-05-07,
2013-05-08,
2013-05-09,
2013-05-10,
2013-05-13,
2013-05-14,
2013-05-15,
2013-05-16,
2013-05-17,
2013-05-20,
2013-05-21,
2013-05-22,
2013-05-23,
2013-05-24,
2013-05-27,
2013-05-28,
2013-05-29,
2013-05-30,0.0
2013-05-31,0.0
2013-06-03,-0.0
2013-06-04,0.0
2013-06-05,-0.0
2013-06-06,0.0
2013-06-07,0.0
2013-06-10,-0.0
2013-06-11,0.0
2013-06-12,0.0
2013-06-13,-0.0006273427078415606
2013-06-14,-0.007656885733655033
2013-06-17,-0.004745327280255931
2013-06-18,0.003028145085639232
2013-06-19,0.026983475234420337
2013-06-20,0.02308830481081049
2013-06-21,0.0
2013-06-24,-0.0
2013-06-25,0.0
2013-06-26,-0.0
2013-06-27,-0.0
2013-06-28,-0.0
2013-07-01,-0.0
2013-07-02,-0.0
2013-07-03,-0.0
2013-07-04,0.0
2013-07-05,-0.0
2013-07-08,-0.00036533438313479194
2013-07-09,0.011408727156382486
2013-07-10,-0.010884162534544457
2013-07-11,0.022221661729828944
2013-07-12,0.002813356848446898
2013-07-15,-0.006862152237881081
2013-07-16,-0.00035445165806376097
2013-07-17,0.0012528474330368955
2013-07-18,0.009360948290484715
2013-07-19,0.0
2013-07-22,0.0
2013-07-23,0.0
2013-07-24,-0.0
2013-07-25,-0.0
2013-07-26,0.0
2013-07-29,0.0
2013-07-30,
2013-07-31,
2013-08-01,
2013-08-02,
2013-08-05,
2013-08-06,
2013-08-07,
2013-08-08,
2013-08-09,
2013-08-12,
2013-08-13,
2013-08-14,
2013-08-15,
2013-08-16,
2013-08-19,
2013-08-20,
2013-08-21,
2013-08-22,
2013-08-23,
2013-08-26,
2013-08-27,0.0
2013-08-28,-0.0
2013-08-29,-0.0
2013-08-30,0.0
2013-09-02,0.0
2013-09-03,0.0
2013-09-04,0.0
2013-09-05,0.0
2013-09-06,-0.0
2013-09-09,0.0
2013-09-10,0.0
2013-09-11,0.0
2013-09-12,0.0
2013-09-13,-0.0
2013-09-16,-0.0006079079316299842
2013-09-17,0.00869877151683145
2013-09-18,0.0009772670527983156
2013-09-19,-0.028340606188331972
2013-09-20,0.013025265933293045
2013-09-23,0.0028029074149452356
2013-09-24,-0.004428070518107151
2013-09-25,0.004988580002563255
2013-09-26,-0.00820161695949417
2013-09-27,0.0034776224262323993
2013-09-30,-0.013910897579443169
2013-10-01,-0.0011132822172716535
2013-10-02,-0.0006135438567799418
2013-10-03,-0.002776417505231941
2013-10-04,0.008777691572474504
2013-10-07,0.010066834808738004
2013-10-08,-0.0
2013-10-09,-0.007114062036515236
2013-10-10,0.012043257857322296
2013-10-11,-0.001929709358500282
2013-10-14,0.001368473390032252
2013-10-15,-2.4666282416540726e-05
2013-10-16,-0.0018295667431402994
2013-10-17,0.003841954514679415
2013-10-18,0.0
2013-10-21,0.0
2013-10-22,-0.0
2013-10-23,0.0
2013-10-24,-0.0
2013-10-25,
2013-10-28,
2013-10-29,
2013-10-30,
2013-10-31,
2013-11-01,
2013-11-04,
2013-11-05,
2013-11-06,
2013-11-07,
2013-11-08,
2013-11-11,
2013-11-12,
2013-11-13,
2013-11-14,
2013-11-15,
2013-11-18,
2013-11-19,
2013-11-20,
2013-11-21,
2013-11-22,0.0
2013-11-25,0.0
2013-11-26,-0.0
2013-11-27,0.0
2013-11-28,0.0
2013-11-29,0.0
2013-12-02,-0.0005753754942223241
2013-12-03,0.003091177595764059
2013-12-04,-0.006142655444572367
2013-12-05,0.003041287837248967
2013-12-06,0.018115858832309643
2013-12-09,0.0035637566518581694
2013-12-10,-0.022838861299296354
2013-12-11,-0.006448638235946197
2013-12-12,0.01659928799305971
2013-12-13,0.005899077502059216
2013-12-16,0.006332261990497555
2013-12-17,0.0018422913827838183
2013-12-18,0.004465548105825051
2013-12-19,-0.01799775693773564
2013-12-20,0.0024401389533381464
2013-12-23,0.005270252371589313
2013-12-24,-0.0020907339330102775
2013-12-25,-0.0033349682044192318
2013-12-26,0.002014335055741175
2013-12-27,-0.007674085260594516
2013-12-30,-0.0072735868012577115
2013-12-31,-0.0002571678457321178
2014-01-01,-0.00985555241974622
2014-01-02,-0.0015650340411476969
2014-01-03,0.012861233767962846
2014-01-06,0.0024707312852749116
2014-01-07,0.00020221302328479954
2014-01-08,0.0018013528805254184
2014-01-09,-0.006916889501133515
2014-01-10,-0.0032410519195957984
2014-01-13,-0.00044119998827529437
2014-01-14,0.011772466273885545
2014-01-15,0.0
2014-01-16,-0.0
2014-01-17,-0.0
2014-01-20,0.0
2014-01-21,0.0
2014-01-22,
2014-01-23,
2014-01-24,
2014-01-27,
2014-01-28,
2014-01-29,
2014-01-30,
2014-01-31,
2014-02-03,
2014-02-04,
2014-02-05,
2014-02-06,
2014-02-07,
2014-02-10,
2014-02-11,
2014-02-12,
2014-02-13,
2014-02-14,
2014-02-17,
2014-02-18,
2014-02-19,0.006282083552429906
2014-02-20,-0.00023556292030075165
2014-02-21,0.0011817666413444343
2014-02-24,0.0046024603639583436
2014-02-25,-0.0035709081826759896
2014-02-26,-0.002382135923593008
2014-02-27,-0.002363905155550465
2014-02-28,-0.001953090103978208
2014-03-03,-0.0014085134171890812
2014-03-04,0.009180262353089535
2014-03-05,0.0006165722119927918
2014-03-06,-0.01041824572854463
2014-03-07,0.005197109803309719
2014-03-10,0.0030877252815053337
2014-03-11,0.014194784964463397
2014-03-12,-0.0
2014-03-13,-0.0
2014-03-14,0.0
2014-03-17,-0.0
2014-03-18,-0.0
2014-03-19,-0.0
2014-03-20,-0.0
2014-03-21,-0.0
2014-03-24,-0.0
2014-03-25,-0.0
2014-03-26,0.0
2014-03-27,0.0
2014-03-28,0.0
2014-03-31,0.0
2014-04-01,0.0
2014-04-02,-0.0
2014-04-03,0.0
2014-04-04,-0.0
2014-04-07,-0.0
2014-04-08,0.0
2014-04-09,0.0
2014-04-10,0.0
2014-04-11,-0.0
2014-04-14,-0.0
2014-04-15,0.0
2014-04-16,-0.0
2014-04-17,0.0
2014-04-18,-0.0
2014-04-21,
2014-04-22,
2014-04-23,
2014-04-24,
2014-04-25,
2014-04-28,
2014-04-29,
2014-04-30,
2014-05-01,
2014-05-02,
2014-05-05,
2014-05-06,
2014-05-07,
2014-05-08,
2014-05-09,
2014-05-12,
2014-05-13,
2014-05-14,
2014-05-15,
2014-05-16,
2014-05-19,0.0
2014-05-20,-0.0
2014-05-21,0.0
2014-05-22,0.0
2014-05-23,-0.0
2014-05-26,-0.0
2014-05-27,-0.0
2014-05-28,-0.0
2014-05-29,-0.0
2014-05-30,0.0
2014-06-02,0.0
2014-06-03,0.0
2014-06-04,-0.0
2014-06-05,0.0
2014-06-06,0.0
2014-06-09,0.0
2014-06-10,0.0
2014-06-11,-0.0
2014-06-12,0.0
2014-06-13,-0.0007474261986716231
2014-06-16,-0.008615896747157799
2014-06-17,0.006975443404088149
2014-06-18,0.00017921341445633113
2014-06-19,-0.003671666899996524
2014-06-20,-0.008400222102123704
2014-06-23,0.0017780916262049515
2014-06-24,0.0008488959882598974
2014-06-25,0.013883498921592737
2014-06-26,0.0025985839766204553
2014-06-27,-0.014462101463185455
2014-06-30,0.003143780729817888
2014-07-01,-0.013298181133715198
2014-07-02,-0.012516500978981984
2014-07-03,-0.007773030761190465
2014-07-04,-0.0048345114554830815
2014-07-07,-0.0032315497503593938
2014-07-08,0.007008530762214902
2014-07-09,0.0002332415587941986
2014-07-10,-0.0005374349382471876
2014-07-11,0.0010070999454412314
2014-07-14,0.0017961494829803772
2014-07-15,0.010945241033443978
2014-07-16,-0.017035765422196734
2014-07-17,
2014-07-18,
2014-07-21,
2014-07-22,
2014-07-23,
2014-07-24,
2014-07-25,
2014-07-28,
2014-07-29,
2014-07-30,
2014-07-31,
2014-08-01,
2014-08-04,
2014-08-05,
2014-08-06,
2014-08-07,
2014-08-08,
2014-08-11,
2014-08-12,
2014-08-13,
2014-08-14,-0.0
2014-08-15,0.0
2014-08-18,0.0
2014-08-19,0.0
2014-08-20,-0.0
2014-08-21,0.0
2014-08-22,-0.0
2014-08-25,0.0
2014-08-26,0.0
2014-08-27,-0.0
2014-08-28,0.0
2014-08-29,0.0
2014-09-01,0.0
2014-09-02,0.0
2014-09-03,-0.0
2014-09-04,-0.0
2014-09-05,0.0
2014-09-08,-0.0
2014-09-09,-0.0008999855704024871
2014-09-10,-0.006575365891764268
2014-09-11,0.027991533172258054
2014-09-12,0.011463630771612787
2014-09-15,-0.007478546797067037
2014-09-16,-0.002106112963201131
2014-09-17,0.0042550852190919915
2014-09-18,0.019693694805438807
2014-09-19,0.0
2014-09-22,-0.0
2014-09-23,0.0
2014-09-24,0.0
2014-09-25,0.0
2014-09-26,0.0
2014-09-29,-0.0
2014-09-30,-0.0
2014-10-01,0.0
2014-10-02,-0.0
2014-10-03,-0.0
2014-10-06,-0.0
2014-10-07,-0.0
2014-10-08,-0.0
2014-10-09,-0.0
2014-10-10,0.0
2014-10-13,0.0
2014-10-14,
2014-10-15,
2014-10-16,
2014-10-17,
2014-10-20,
2014-10-21,
2014-10-22,
2014-10-23,
2014-10-24,
2014-10-27,
2014-10-28,
2014-10-29,
2014-10-30,
2014-10-31,
2014-11-03,
2014-11-04,
2014-11-05,
2014-11-06,
2014-11-07,
2014-11-10,
2014-11-11,0.0
2014-11-12,0.0
2014-11-13,-0.0
2014-11-14,-0.0
2014-11-17,-0.0
2014-11-18,0.0
2014-11-19,-0.0
2014-11-20,0.0
2014-11-21,0.0
2014-11-24,0.0
2014-11-25,-0.0
2014-11-26,-0.0
2014-11-27,0.0
2014-11-28,-0.0
2014-12-01,-0.0
2014-12-02,0.0
2014-12-03,0.0
2014-12-04,0.0
2014-12-05,-0.0
2014-12-08,0.0
2014-12-09,0.0
2014-12-10,-0.0
2014-12-11,-0.0
2014-12-12,0.0
2014-12-15,-0.0
2014-12-16,-0.0
2014-12-17,0.0
2014-12-18,0.0
2014-12-19,0.0
2014-12-22,0.0
2014-12-23,-0.0
2014-12-24,0.0
2014-12-25,0.0
2014-12-26,-0.0
2014-12-29,0.0
2014-12-30,-0.0
2014-12-31,0.0
2015-01-01,-0.0010094289852510025
2015-01-02,-0.0034916942997575964
2015-01-05,0.028611442058042207
2015-01-06,0.0045186267839188166
2015-01-07,0.009680813066037493
2015-01-08,-0.005214826590019603
2015-01-09,
2015-01-12,
2015-01-13,
2015-01-14,
2015-01-15,
2015-01-16,
2015-01-19,
2015-01-20,
2015-01-21,
2015-01-22,
2015-01-23,
2015-01-26,
2015-01-27,
2015-01-28,
2015-01-29,
2015-01-30,
2015-02-02,
2015-02-03,
2015-02-04,
2015-02-05,
2015-02-06,-0.0002247889835312047
2015-02-09,-0.005711189522615789
2015-02-10,0.003230320023711832
2015-02-11,-0.004672008982674818
2015-02-12,0.0009089723172795099
2015-02-13,-0.005652327640128261
2015-02-16,-0.0011020049877704006
2015-02-17,-0.0016532391864209864
2015-02-18,0.006089198572371658
2015-02-19,-0.007662682775428034
2015-02-20,-0.0010671817283447941
2015-02-23,0.004465487589951582
2015-02-24,-0.010358187302476148
2015-02-25,-8.765784368609614e-05
2015-02-26,-0.0043672320934397485
2015-02-27,-0.00433144103368174
2015-03-02,-0.003180201340800195
2015-03-03,0.007044370376833843
2015-03-04,-0.0005044603662235402
2015-03-05,0.0007065868657696817
2015-03-06,-0.0042203486452403885
2015-03-09,0.001338534634173715
2015-03-10,-0.008428420982440017
2015-03-11,-0.013234326774584805
2015-03-12,-0.0012064385346652966
2015-03-13,0.0134351539357704
2015-03-16,-0.0004645500982649779
2015-03-17,0.0023017185366173373
2015-03-18,0.010919677852064647
2015-03-19,0.003955005619247214
2015-03-20,0.0026149168114458668
2015-03-23,0.0
2015-03-24,-0.0
2015-03-25,-0.0
2015-03-26,-0.0
2015-03-27,0.0
2015-03-30,0.0
2015-03-31,-0.0
2015-04-01,0.0
2015-04-02,-0.0
2015-04-03,-0.0
2015-04-06,-0.0
2015-04-07,0.0
2015-04-08,
2015-04-09,
2015-04-10,
2015-04-13,
2015-04-14,
2015-04-15,
2015-04-16,
2015-04-17,
2015-04-20,
2015-04-21,
2015-04-22,
2015-04-23,
2015-04-24,
2015-04-27,
2015-04-28,
2015-04-29,
2015-04-30,
2015-05-01,
2015-05-04,
2015-05-05,
2015-05-06,0.0
2015-05-07,-0.0
2015-05-08,0.0
2015-05-11,0.0
2015-05-12,-0.0007212404657630526
2015-05-13,-0.014835302732394147
2015-05-14,0.003305737423508117
2015-05-15,0.00043444870908676244
2015-05-18,0.01603331986572656
2015-05-19,0.003128665541617284
2015-05-20,0.011966184507255642
2015-05-21,-0.01617200651097651
2015-05-22,-0.021790934020990818
2015-05-25,0.017181693201480486
2015-05-26,-0.0016149984320995613
2015-05-27,0.003322902682955909
2015-05-28,0.008018458163466888
2015-05-29,0.009453013840725086
2015-06-01,0.003651345805444736
2015-06-02,-0.0
2015-06-03,0.0
2015-06-04,-0.0
2015-06-05,0.0
2015-06-08,-0.0
2015-06-09,-0.0
2015-06-10,0.0
2015-06-11,0.0
2015-06-12,0.0
2015-06-15,0.0
2015-06-16,-0.0
2015-06-17,0.0
2015-06-18,0.0
2015-06-19,0.0
2015-06-22,0.0
2015-06-23,-0.0
2015-06-24,0.0
2015-06-25,-0.0
2015-06-26,0.0
2015-06-29,0.0
2015-06-30,-0.0
2015-07-01,0.0
2015-07-02,-0.0
2015-07-03,-0.0
2015-07-06,
2015-07-07,
2015-07-08,
2015-07-09,
2015-07-10,
2015-07-13,
2015-07-14,
2015-07-15,
2015-07-16,
2015-07-17,
2015-07-20,
2015-07-21,
2015-07-22,
2015-07-23,
2015-07-24,
2015-07-27,
2015-07-28,
2015-07-29,
2015-07-30,
2015-07-31,
2015-08-03,0.0
2015-08-04,-0.0
2015-08-05,0.0
2015-08-06,0.0
2015-08-07,-0.0
2015-08-10,-0.0
2015-08-11,0.0
2015-08-12,-0.0
2015-08-13,-0.0
2015-08-14,0.0
2015-08-17,0.0
2015-08-18,-0.0
2015-08-19,0.0
2015-08-20,-0.0
2015-08-21,-0.0
2015-08-24,-0.0
2015-08-25,-0.0
2015-08-26,-0.0
2015-08-27,-0.0
2015-08-28,-0.0
2015-08-31,0.0
2015-09-01,-0.0
2015-09-02,-0.0006992568842954665
2015-09-03,0.014620737051251364
2015-09-04,0.0010153728607864977
2015-09-07,-0.024285937621634442
2015-09-08,0.01848044665245797
2015-09-09,0.01825274512234336
2015-09-10,-0.009155064596219958
2015-09-11,0.007940173784572954
2015-09-14,-0.0038962251521072167
2015-09-15,-0.0002010754648606094
2015-09-16,-0.0099077955259874
2015-09-17,0.01902473910754423
2015-09-18,-0.0
2015-09-21,0.0
2015-09-22,0.0
2015-09-23,-0.0
2015-09-24,-0.0
2015-09-25,-0.0
2015-09-28,-0.0
2015-09-29,-0.00025672610384403524
2015-09-30,-0.0024643762994441937
2015-10-01,
2015-10-02,
2015-10-05,
2015-10-06,
2015-10-07,
2015-10-08,
2015-10-09,
2015-10-12,
2015-10-13,
2015-10-14,
2015-10-15,
2015-10-16,
2015-10-19,
2015-10-20,
2015-10-21,
2015-10-22,
2015-10-23,
2015-10-26,
2015-10-27,
2015-10-28,
2015-10-29,0.0
2015-10-30,0.0
2015-11-02,0.0
2015-11-03,-0.0
2015-11-04,0.0
2015-11-05,0.0
2015-11-06,-0.0
2015-11-09,-0.0
2015-11-10,0.0
2015-11-11,0.0
2015-11-12,0.0
2015-11-13,-0.0
2015-11-16,0.0
2015-11-17,-0.0
2015-11-18,0.0
2015-11-19,0.0
2015-11-20,0.0
2015-11-23,-0.0
2015-11-24,-0.0
2015-11-25,-0.0
2015-11-26,0.0
2015-11-27,-0.0
2015-11-30,-0.0
2015-12-01,0.0
2015-12-02,-0.0
2015-12-03,-0.0
2015-12-04,0.0
2015-12-07,-0.0
2015-12-08,-0.0
2015-12-09,-0.0
2015-12-10,0.0
2015-12-11,0.0
2015-12-14,0.0
2015-12-15,-0.0
2015-12-16,-0.0
2015-12-17,-0.0
2015-12-18,-0.0
2015-12-21,-0.0006979186727830356
2015-12-22,-0.011625207774742331
2015-12-23,-0.027586991512568684
2015-12-24,0.017104230140452176
2015-12-25,0.001016021985202439
2015-12-28,0.004422187352420727
2015-12-29,
2015-12-30,
2015-12-31,
2016-01-01,
2016-01-04,
2016-01-05,
2016-01-06,
2016-01-07,
2016-01-08,
2016-01-11,
2016-01-12,
2016-01-13,
2016-01-14,
2016-01-15,
2016-01-18,
2016-01-19,
2016-01-20,
2016-01-21,
2016-01-22,
2016-01-25,
2016-01-26,-0.004785540503527981
2016-01-27,0.008674961102928983
2016-01-28,-0.010495445997389573
2016-01-29,0.008036871088307303
2016-02-01,-0.004455872787006256
2016-02-02,0.0105975128354582
2016-02-03,-0.0024300712198909503
2016-02-04,0.005893754805713697
2016-02-05,-0.004743399479747227
2016-02-08,-0.0028886155246915096
2016-02-09,-0.007540627462093344
2016-02-10,-0.0019290075069623939
2016-02-11,0.004960476184307969
2016-02-12,-0.004854614022154894
2016-02-15,0.007220385100597224
2016-02-16,-0.002514374136855577
2016-02-17,-0.011172175948370318
2016-02-18,-0.0007324580733137818
2016-02-19,0.004636272631679628
2016-02-22,-0.0059493328952247996
2016-02-23,-0.005227895195744225
2016-02-24,-0.010699311233501232
2016-02-25,-0.006333640659413253
2016-02-26,0.002683230298631079
2016-02-29,-0.004333711397575661
2016-03-01,0.007943196961832318
2016-03-02,0.003922277997942527
2016-03-03,0.010411078894795986
2016-03-04,0.004222294273628442
2016-03-07,0.0012861499884336321
2016-03-08,0.0027758502324635994
2016-03-09,-0.0
2016-03-10,0.0
2016-03-11,-0.0
2016-03-14,0.0
2016-03-15,-0.0
2016-03-16,-0.0
2016-03-17,0.0
2016-03-18,0.0
2016-03-21,0.0
2016-03-22,-0.0
2016-03-23,-0.0
2016-03-24,-0.0
2016-03-25,
2016-03-28,
2016-03-29,
2016-03-30,
2016-03-31,
2016-04-01,
2016-04-04,
2016-04-05,
2016-04-06,
2016-04-07,
2016-04-08,
2016-04-11,
2016-04-12,
2016-04-13,
2016-04-14,
2016-04-15,
2016-04-18,
2016-04-19,
2016-04-20,
2016-04-21,
2016-04-22,-0.0
2016-04-25,0.0
2016-04-26,0.0
2016-04-27,0.0
2016-04-28,-0.0
2016-04-29,0.0
2016-05-02,-0.0
2016-05-03,0.0
2016-05-04,-0.0
2016-05-05,-0.0
2016-05-06,0.0
2016-05-09,-0.0
2016-05-10,-0.0
2016-05-11,0.0
2016-05-12,-0.0
2016-05-13,0.0
2016-05-16,-0.0
2016-05-17,0.0
2016-05-18,0.0
2016-05-19,-0.0007557558595968783
2016-05-20,-0.005550679233228159
2016-05-23,0.0284532702838983
2016-05-24,0.0011999492677655437
2016-05-25,-0.023491763324439335
2016-05-26,-0.008750733347141357
2016-05-27,0.006564769538157224
2016-05-30,-0.0019773582118958783
2016-05-31,0.002032304774963836
2016-06-01,0.014582880353766547
2016-06-02,0.009268918621478774
2016-06-03,0.0
2016-06-06,-0.0
2016-06-07,0.0
2016-06-08,0.0
2016-06-09,-0.0
2016-06-10,0.0
2016-06-13,-0.0
2016-06-14,-0.0
2016-06-15,-0.0
2016-06-16,0.0
2016-06-17,0.0
2016-06-20,0.0
2016-06-21,0.0
2016-06-22,
2016-06-23,
2016-06-24,
2016-06-27,
2016-06-28,
2016-06-29,
2016-06-30,
2016-07-01,
2016-07-04,
2016-07-05,
2016-07-06,
2016-07-07,
2016-07-08,
2016-07-11,
2016-07-12,
2016-07-13,
2016-07-14,
2016-07-15,
2016-07-18,
2016-07-19,
2016-07-20,-0.005961567286539908
2016-07-21,0.007063553864120503
2016-07-22,-0.0012411053248125013
2016-07-25,-0.0035427343135350678
2016-07-26,-0.0017007230337465612
2016-07-27,0.0023077067571292452
2016-07-28,0.0015218117062932566
2016-07-29,-0.004117252443379053
2016-08-01,0.00010715093823499527
2016-08-02,-0.0015373371624339506
2016-08-03,0.0066793508388849005
2016-08-04,0.0018194186509556533
2016-08-05,-0.009802544805102072
2016-08-08,-0.0008083671177572489
2016-08-09,-0.0026150030209556685
2016-08-10,-0.002860961599047962
2016-08-11,-0.0020742813181534553
2016-08-12,-0.003046006830838042
2016-08-15,-0.005319489766469282
2016-08-16,-0.003228495413138916
2016-08-17,0.008121350943903722
2016-08-18,-0.0003041105261839447
2016-08-19,0.008368901969021077
2016-08-22,-0.007259607275367128
2016-08-23,0.006077541879589359
2016-08-24,0.005954679575991811
2016-08-25,0.0
2016-08-26,-0.0
2016-08-29,-0.0
2016-08-30,-0.0
2016-08-31,0.0
2016-09-01,0.0
2016-09-02,0.0
2016-09-05,0.0
2016-09-06,0.0
2016-09-07,0.0
2016-09-08,-0.0
2016-09-09,-0.0
2016-09-12,-0.0
2016-09-13,0.0
2016-09-14,-0.0
2016-09-15,0.0
2016-09-16,-0.0
2016-09-19,
2016-09-20,
2016-09-21,
2016-09-22,
2016-09-23,
2016-09-26,
2016-09-27,
2016-09-28,
2016-09-29,
2016-09-30,
2016-10-03,
2016-10-04,
2016-10-05,
2016-10-06,
2016-10-07,
2016-10-10,
2016-10-11,
2016-10-12,
2016-10-13,
2016-10-14,
2016-10-17,0.0004453128055600604
2016-10-18,0.0008839150010769659
2016-10-19,0.008619021085066741
2016-10-20,-0.0011432860290939127
2016-10-21,-0.0007261420763271173
2016-10-24,-0.0009294008172568737
2016-10-25,0.00017976867464247065
2016-10-26,-0.0039231525187786815
2016-10-27,0.0037068856476383076
2016-10-28,-0.004617753604712395
2016-10-31,-5.564155507682739e-05
2016-11-01,0.002138900706427532
2016-11-02,-0.003524922584530736
2016-11-03,0.003584210871468797
2016-11-04,0.018660499167134567
2016-11-07,0.002393167274183885
2016-11-08,-0.007260930512140088
2016-11-09,0.000833714207807783
2016-11-10,0.009755477624507285
2016-11-11,0.0
2016-11-14,0.0
2016-11-15,-0.0
2016-11-16,-0.0
2016-11-17,-0.0
2016-11-18,0.0
2016-11-21,-0.0
2016-11-22,0.0
2016-11-23,-0.0
2016-11-24,0.0
2016-11-25,0.0
2016-11-28,-0.0
2016-11-29,-0.0
2016-11-30,0.0
2016-12-01,0.0
2016-12-02,0.0
2016-12-05,0.0
2016-12-06,-0.0
2016-12-07,-0.0
2016-12-08,-0.0
2016-12-09,0.0
2016-12-12,0.0
2016-12-13,0.0
2016-12-14,-0.0
2016-12-15,
2016-12-16,
2016-12-19,
2016-12-20,
2016-12-21,
2016-12-22,
2016-12-23,
2016-12-26,
2016-12-27,
2016-12-28,
2016-12-29,
2016-12-30,
2017-01-02,
2017-01-03,
2017-01-04,
2017-01-05,
2017-01-06,
2017-01-09,
2017-01-10,
2017-01-11,
2017-01-12,0.0
2017-01-13,-0.0
2017-01-16,-0.0
2017-01-17,0.0
2017-01-18,0.0
2017-01-19,-0.0
2017-01-20,0.0
2017-01-23,0.0
2017-01-24,0.0
2017-01-25,0.0
2017-01-26,0.0
2017-01-27,0.0
2017-01-30,-0.0
2017-01-31,-0.0
2017-02-01,0.0
2017-02-02,0.0
2017-02-03,-0.0
2017-02-06,-0.0
2017-02-07,0.0
2017-02-08,0.0
2017-02-09,0.0
2017-02-10,-0.0
2017-02-13,0.0
2017-02-14,0.0
2017-02-15,-0.0
2017-02-16,-0.0
2017-02-17,-0.0
2017-02-20,-0.0
2017-02-21,0.0
2017-02-22,0.0
2017-02-23,-0.0
2017-02-24,0.0
2017-02-27,-0.0
2017-02-28,0.0
2017-03-01,-0.0
2017-03-02,-0.0
2017-03-03,0.0
2017-03-06,-0.0
2017-03-07,-0.0
2017-03-08,-0.0
2017-03-09,-0.0
2017-03-10,-0.0
2017-03-13,-0.0007918358226992677
2017-03-14,
2017-03-15,
2017-03-16,
2017-03-17,
2017-03-20,
2017-03-21,
2017-03-22,
2017-03-23,
2017-03-24,
2017-03-27,
2017-03-28,
2017-03-29,
2017-03-30,
2017-03-31,
2017-04-03,
2017-04-04,
2017-04-05,
2017-04-06,
2017-04-07,
2017-04-10,
2017-04-11,0.0
2017-04-12,0.0
2017-04-13,-0.0
2017-04-14,0.0
2017-04-17,0.0
2017-04-18,-0.0
2017-04-19,0.0
2017-04-20,-0.0
2017-04-21,0.0
2017-04-24,-0.0
2017-04-25,-0.0
2017-04-26,-0.0
2017-04-27,0.0
2017-04-28,0.0
2017-05-01,-0.0
2017-05-02,-0.0
2017-05-03,-0.0
2017-05-04,0.0
2017-05-05,-0.0
2017-05-08,0.0
2017-05-09,0.0
2017-05-10,0.0
2017-05-11,0.0
2017-05-12,-0.0
2017-05-15,-0.0
2017-05-16,-0.0
2017-05-17,-0.0
2017-05-18,-0.0012795206383172824
2017-05-19,0.025408109033506744
2017-05-22,-0.024337264653188386
2017-05-23,-0.014789301628954468
2017-05-24,0.011677359684659635
2017-05-25,-0.010984765977171138
2017-05-26,-0.001702104462078749
2017-05-29,-0.008738306332644722
2017-05-30,0.011624883816333368
2017-05-31,-0.01059739925334094
2017-06-01,-0.00782722096119172
2017-06-02,0.007482495788043681
2017-06-05,-0.01432693755500614
2017-06-06,0.00805753532437779
2017-06-07,-0.0026823550631797865
2017-06-08,0.008009775358638121
2017-06-09,
2017-06-12,
2017-06-13,
2017-06-14,
2017-06-15,
2017-06-16,
2017-06-19,
2017-06-20,
2017-06-21,
2017-06-22,
2017-06-23,
2017-06-26,
2017-06-27,
2017-06-28,
2017-06-29,
2017-06-30,
2017-07-03,
2017-07-04,
2017-07-05,
2017-07-06,
2017-07-07,-0.009060790015473193
2017-07-10,-0.0033436312552573883
2017-07-11,0.0
2017-07-12,-0.012861982420663613
2017-07-13,0.009926043682307827
2017-07-14,0.006084686268373908
2017-07-17,0.0017512266111022947
2017-07-18,-0.004273834962303436
2017-07-19,-0.01172192079019115
2017-07-20,0.002553968543385751
2017-07-21,-0.016259655889510064
2017-07-24,-0.0038920467880039964
2017-07-25,0.006465417809135246
2017-07-26,-0.0009384776351339744
2017-07-27,-0.0048395101743809
2017-07-28,0.0024529568615283756
2017-07-31,-0.002941070540737997
2017-08-01,-0.006334141772006261
2017-08-02,0.002391717191366187
2017-08-03,-0.003643448723058855
2017-08-04,-0.009461716162524343
2017-08-07,0.006500292744800441
2017-08-08,-0.0031970651087872204
2017-08-09,0.0023554132769473156
2017-08-10,0.001009726678303076
2017-08-11,-0.003861309613495995
2017-08-14,-0.0054739255981431706
2017-08-15,0.0037800968214919415
2017-08-16,-0.002428231320434302
2017-08-17,-0.002893433374994563
2017-08-18,0.007883079781320343
2017-08-21,-0.0063608742784610145
2017-08-22,-0.008001360124297011
2017-08-23,0.0019223204639885925
2017-08-24,-0.01155529427017385
2017-08-25,0.0025774733195224934
2017-08-28,-0.015120267377572716
2017-08-29,-4.917259643692748e-05
2017-08-30,-0.0011156459738714316
2017-08-31,0.010807204844757293
2017-09-01,-0.000910106995847251
2017-09-04,0.006495291206841047
2017-09-05,-0.005237342784312736
2017-09-06,
2017-09-07,
2017-09-08,
2017-09-11,
2017-09-12,
2017-09-13,
2017-09-14,
2017-09-15,
2017-09-18,
2017-09-19,
2017-09-20,
2017-09-21,
2017-09-22,
2017-09-25,
2017-09-26,
2017-09-27,
2017-09-28,
2017-09-29,
2017-10-02,
2017-10-03,
2017-10-04,0.007837657162011723
2017-10-05,-0.0
2017-10-06,-0.0
2017-10-09,-0.0
2017-10-10,0.0
2017-10-11,0.0
2017-10-12,-0.0
2017-10-13,0.0
2017-10-16,0.0
2017-10-17,-0.0
2017-10-18,-0.0
2017-10-19,-0.0
2017-10-20,-0.0
2017-10-23,0.0
2017-10-24,0.0
2017-10-25,-0.0
2017-10-26,0.0
2017-10-27,0.0
2017-10-30,0.0
2017-10-31,0.0
2017-11-01,0.0
2017-11-02,-0.0
2017-11-03,-0.0
2017-11-06,0.0
2017-11-07,0.0
2017-11-08,0.0
2017-11-09,-0.0
2017-11-10,-0.0
2017-11-13,-0.0
2017-11-14,0.0
2017-11-15,-0.0
2017-11-16,0.0
2017-11-17,0.0
2017-11-20,0.0
2017-11-21,0.0
2017-11-22,0.0
2017-11-23,0.0
2017-11-24,-0.0
2017-11-27,-0.0
2017-11-28,0.0
2017-11-29,0.0
2017-11-30,0.0
2017-12-01,0.0
2017-12-04,
2017-12-05,
2017-12-06,
2017-12-07,
2017-12-08,
2017-12-11,
2017-12-12,
2017-12-13,
2017-12-14,
2017-12-15,
2017-12-18,
2017-12-19,
2017-12-20,
2017-12-21,
2017-12-22,
2017-12-25,
2017-12-26,
2017-12-27,
2017-12-28,
2017-12-29,
2018-01-01,0.0
2018-01-02,-0.0
2018-01-03,0.0
2018-01-04,-0.0
2018-01-05,0.0
2018-01-08,0.0
2018-01-09,0.0
2018-01-10,-0.0
2018-01-11,-0.0
2018-01-12,-0.0
2018-01-15,0.0
2018-01-16,0.0
2018-01-17,-0.0
2018-01-18,-0.0007700041610260253
2018-01-19,-0.012411332962834374
2018-01-22,0.005277806299552299
2018-01-23,-0.026978233505898702
2018-01-24,0.00020441182406244948
2018-01-25,-0.02485431495159408
2018-01-26,0.010404974466631998
2018-01-29,0.00331825152057968
2018-01-30,0.0061390943193570845
2018-01-31,-0.008363854026217334
2018-02-01,-0.00521373552783814
2018-02-02,-0.0013220218987313698
2018-02-05,0.013407213891616778
2018-02-06,0.012378626018462605
2018-02-07,-0.0007071613747574282
2018-02-08,0.0010879406673053762
2018-02-09,-0.006149108576891626
2018-02-12,0.009630703740609167
2018-02-13,-0.0
2018-02-14,0.0
2018-02-15,0.0
2018-02-16,0.0
2018-02-19,-0.0
2018-02-20,-0.0
2018-02-21,0.0
2018-02-22,-0.0
2018-02-23,0.0
2018-02-26,0.0
2018-02-27,-0.0
2018-02-28,-0.0
2018-03-01,
2018-03-02,
2018-03-05,
2018-03-06,
2018-03-07,
2018-03-08,
2018-03-09,
2018-03-12,
2018-03-13,
2018-03-14,
2018-03-15,
2018-03-16,
2018-03-19,
2018-03-20,
2018-03-21,
2018-03-22,
2018-03-23,
2018-03-26,
2018-03-27,
2018-03-28,
2018-03-29,-0.0
2018-03-30,-0.0
2018-04-02,0.0
2018-04-03,0.0
2018-04-04,0.0
2018-04-05,0.0
2018-04-06,-0.0
2018-04-09,0.0
2018-04-10,0.0
2018-04-11,0.0
2018-04-12,0.0
2018-04-13,-0.0008340479648070131
2018-04-16,-0.0022793624622082648
2018-04-17,-0.01910430868610526
2018-04-18,0.012668738853311698
2018-04-19,0.023537986017449827
2018-04-20,0.017610689661517152
2018-04-23,-0.0
2018-04-24,-0.0
2018-04-25,0.0
2018-04-26,-0.0
2018-04-27,0.0
2018-04-30,-0.0
2018-05-01,0.0
2018-05-02,-0.0
2018-05-03,-0.0
2018-05-04,-0.0
2018-05-07,-0.0
2018-05-08,0.0
2018-05-09,0.0
2018-05-10,0.0
2018-05-11,-0.0
2018-05-14,0.0
2018-05-15,0.0
2018-05-16,0.0
2018-05-17,0.0
2018-05-18,-0.0
2018-05-21,-0.0
2018-05-22,-0.0
2018-05-23,0.0
2018-05-24,-0.0
2018-05-25,0.0
2018-05-28,-0.0
2018-05-29,
2018-05-30,
2018-05-31,
2018-06-01,
2018-06-04,
2018-06-05,
2018-06-06,
2018-06-07,
2018-06-08,
2018-06-11,
2018-06-12,
2018-06-13,
2018-06-14,
2018-06-15,
2018-06-18,
2018-06-19,
2018-06-20,
2018-06-21,
2018-06-22,
2018-06-25,
2018-06-26,-0.0
2018-06-27,-0.0
2018-06-28,-0.0
2018-06-29,-0.0
2018-07-02,0.0
2018-07-03,-0.0
2018-07-04,0.0
2018-07-05,0.0
2018-07-06,-0.0
2018-07-09,0.0
2018-07-10,-0.0
2018-07-11,0.0
2018-07-12,-0.0
2018-07-13,-0.0
2018-07-16,0.0
2018-07-17,-0.0
2018-07-18,-0.0
2018-07-19,-0.000857588637272664
2018-07-20,-0.024058150189354113
2018-07-23,0.018485681684948588
2018-07-24,-0.0020721194279285054
2018-07-25,0.015777344189674473
2018-07-26,0.001552177106178947
2018-07-27,-0.004060182009812332
2018-07-30,-0.003019004315788398
2018-07-31,-0.0038336719617868913
2018-08-01,0.00013322475098446774
2018-08-02,0.00624464156389824
2018-08-03,-0.01074823415202665
2018-08-06,0.0011102595030446215
2018-08-07,-0.012347650236620523
2018-08-08,-0.00747376288496917
2018-08-09,-0.013948370504173298
2018-08-10,0.003071000827797588
2018-08-13,0.006325171330497646
2018-08-14,-0.00044069526228671704
2018-08-15,0.00010119645327685108
2018-08-16,-0.004292569679616292
2018-08-17,-0.00020560356510561294
2018-08-20,-0.004535098552176781
2018-08-21,0.003145595441780027
2018-08-22,0.007759222475775759
2018-08-23,-0.0016964410317551013
2018-08-24,
2018-08-27,
2018-08-28,
2018-08-29,
2018-08-30,
2018-08-31,
2018-09-03,
2018-09-04,
2018-09-05,
2018-09-06,
2018-09-07,
2018-09-10,
2018-09-11,
2018-09-12,
2018-09-13,
2018-09-14,
2018-09-17,
2018-09-18,
2018-09-19,
2018-09-20,
2018-09-21,0.0
2018-09-24,-0.0
2018-09-25,0.0
2018-09-26,0.0
2018-09-27,0.0
2018-09-28,-0.0
2018-10-01,-0.0
2018-10-02,0.0
2018-10-03,-0.0
2018-10-04,0.0
2018-10-05,0.0
2018-10-08,0.0
2018-10-09,-0.0
2018-10-10,-0.0008725871549020287
2018-10-11,-0.010308289767827267
2018-10-12,0.008016527162259503
2018-10-15,0.027089102906280364
2018-10-16,-0.006398651976410831
2018-10-17,-0.009847336514770821
2018-10-18,0.004851485155926079
2018-10-19,0.010644120930656326
2018-10-22,0.00016032046057128674
2018-10-23,0.013119009890512075
2018-10-24,0.0
2018-10-25,-0.0
2018-10-26,-0.0
2018-10-29,-0.0
2018-10-30,-0.0
2018-10-31,-0.0
2018-11-01,0.0
2018-11-02,0.0
2018-11-05,0.0
2018-11-06,0.0
2018-11-07,0.0
2018-11-08,0.0
2018-11-09,-0.0
2018-11-12,-0.0
2018-11-13,-0.0
2018-11-14,0.0
2018-11-15,-0.0
2018-11-16,-0.0
2018-11-19,-0.0
2018-11-20,-0.0
2018-11-21,
2018-11-22,
2018-11-23,
2018-11-26,
2018-11-27,
2018-11-28,
2018-11-29,
2018-11-30,
2018-12-03,
2018-12-04,
2018-12-05,
2018-12-06,
2018-12-07,
2018-12-10,
2018-12-11,
2018-12-12,
2018-12-13,
2018-12-14,
2018-12-17,
2018-12-18,
2018-12-19,0.00464702567312981
2018-12-20,-0.009076686795814243
2018-12-21,-0.0029106844738578308
2018-12-24,0.01031802412515486
2018-12-25,0.0077682745471881615
2018-12-26,-0.006441573195938212
2018-12-27,0.0008268343002766945
2018-12-28,-0.01105701947580587
2018-12-31,0.00728508081586481
2019-01-01,0.0002698433782636446
2019-01-02,0.0073069954745494025
2019-01-03,-0.016480704516402423
2019-01-04,0.006650637548435613
2019-01-07,0.01118945871714235
2019-01-08,-0.0
2019-01-09,-0.0
2019-01-10,-0.0
2019-01-11,-0.0
2019-01-14,0.0
2019-01-15,0.0
2019-01-16,0.0
2019-01-17,0.0
2019-01-18,0.0
2019-01-21,-0.0
2019-01-22,0.0
2019-01-23,0.0
2019-01-24,-0.00035192238901329674
2019-01-25,-0.0144676177306408
2019-01-28,-0.0003869998740153363
2019-01-29,0.008563334890298292
2019-01-30,0.010930947647213335
2019-01-31,0.0011021589114747438
2019-02-01,-0.003906541703927222
2019-02-04,0.006819108408715453
2019-02-05,0.0055822324057973535
2019-02-06,0.00913355091450187
2019-02-07,-0.0023963359216528507
2019-02-08,-0.006333373113596469
2019-02-11,5.199869822535472e-05
2019-02-12,0.005875822410340943
2019-02-13,0.003046328802477604
2019-02-14,-0.003741442754150176
2019-02-15,0.012352338119095346
2019-02-18,
2019-02-19,
2019-02-20,
2019-02-21,
2019-02-22,
2019-02-25,
2019-02-26,
2019-02-27,
2019-02-28,
2019-03-01,
2019-03-04,
2019-03-05,
2019-03-06,
2019-03-07,
2019-03-08,
2019-03-11,
2019-03-12,
2019-03-13,
2019-03-14,
2019-03-15,
2019-03-18,-0.0019493319319152961
2019-03-19,0.0033530467589184126
2019-03-20,0.0007312368906631902
2019-03-21,0.008884505087342072
2019-03-22,0.0014225835407210658
2019-03-25,0.0
2019-03-26,-0.0
2019-03-27,0.0
2019-03-28,-0.0
2019-03-29,-0.0
2019-04-01,-0.0
2019-04-02,0.0
2019-04-03,0.0
2019-04-04,0.0
2019-04-05,-0.0
2019-04-08,-0.0
2019-04-09,-0.0
2019-04-10,-0.0
2019-04-11,0.0
2019-04-12,-0.0
2019-04-15,-0.0
2019-04-16,0.0
2019-04-17,-0.0
2019-04-18,-0.0
2019-04-19,0.0
2019-04-22,-0.0
2019-04-23,-0.0
2019-04-24,-0.0
2019-04-25,0.0
2019-04-26,0.0
2019-04-29,0.0
2019-04-30,-0.0
2019-05-01,0.0
2019-05-02,0.0
2019-05-03,0.0
2019-05-06,0.0
2019-05-07,-0.0
2019-05-08,-0.0
2019-05-09,-0.0
2019-05-10,-0.0
2019-05-13,-0.0
2019-05-14,-0.0
2019-05-15,-0.0
2019-05-16,
2019-05-17,
2019-05-20,
2019-05-21,
2019-05-22,
2019-05-23,
2019-05-24,
2019-05-27,
2019-05-28,
2019-05-29,
2019-05-30,
2019-05-31,
2019-06-03,
2019-06-04,
2019-06-05,
2019-06-06,
2019-06-07,
2019-06-10,
2019-06-11,
2019-06-12,
2019-06-13,0.0006506198296951546
2019-06-14,0.0004168794994715357
2019-06-17,-0.005692390250237069
2019-06-18,-0.015090349848975481
2019-06-19,0.011029960282797669
2019-06-20,0.010356889665716743
2019-06-21,-0.00114945805851923
2019-06-24,-0.009481914305289857
2019-06-25,-0.0055457649131681625
2019-06-26,-0.003978227043209072
2019-06-27,0.0006304439310382369
2019-06-28,-0.003994001743663903
2019-07-01,0.005066013585893904
2019-07-02,0.005534420045348795
2019-07-03,-0.010562100279667214
2019-07-04,-0.002163387162473009
2019-07-05,0.0005155357231754505
2019-07-08,4.298335116767433e-06
2019-07-09,0.0004484456291814567
2019-07-10,-0.010478193896493184
2019-07-11,-2.4948320194681237e-05
2019-07-12,0.0044364663789927886
2019-07-15,0.005804300012231469
2019-07-16,-0.00915449505713451
2019-07-17,-0.012244953134624714
2019-07-18,0.0013492552852269006
2019-07-19,0.01460846818393709
2019-07-22,0.0026689940361795997
2019-07-23,-0.005138164024750276
2019-07-24,0.0035924768899229975
2019-07-25,0.009805442185454712
2019-07-26,-0.0
2019-07-29,-0.0
2019-07-30,-0.0
2019-07-31,-0.00047838757068812435
2019-08-01,0.013989088577375214
2019-08-02,-0.006511297087381907
2019-08-05,-6.157523507930267e-05
2019-08-06,-0.01740798372166636
2019-08-07,0.006558921344390447
2019-08-08,-0.0033305647839528894
2019-08-09,0.0023586857554684605
2019-08-12,-0.016526484367358905
2019-08-13,
2019-08-14,
2019-08-15,
2019-08-16,
2019-08-19,
2019-08-20,
2019-08-21,
2019-08-22,
2019-08-23,
2019-08-26,
2019-08-27,
2019-08-28,
2019-08-29,
2019-08-30,
2019-09-02,
2019-09-03,
2019-09-04,
2019-09-05,
2019-09-06,
2019-09-09,
2019-09-10,0.0
2019-09-11,0.0
2019-09-12,0.0
2019-09-13,-0.0
2019-09-16,0.0
2019-09-17,0.0
2019-09-18,-0.0
2019-09-19,0.0
2019-09-20,0.0
2019-09-23,-0.0
2019-09-24,-0.0
2019-09-25,0.0
2019-09-26,-0.0
2019-09-27,0.0
2019-09-30,-0.0
2019-10-01,0.0
2019-10-02,-0.0
2019-10-03,-0.0
2019-10-04,0.0
2019-10-07,-0.0
2019-10-08,-0.0
2019-10-09,-0.0
2019-10-10,-0.0
2019-10-11,0.0
2019-10-14,-0.0009813884024309264
2019-10-15,0.0024281892377837227
2019-10-16,-0.028811352687603098
2019-10-17,-0.003676773932836703
2019-10-18,0.0026473261725407818
2019-10-21,3.208493673269118e-05
2019-10-22,-0.013513941609029394
2019-10-23,0.010055081930973304
2019-10-24,-0.0056478561195050835
2019-10-25,0.007846158022111374
2019-10-28,-0.002104950469053476
2019-10-29,-0.001353929690124516
2019-10-30,0.0012554116546567365
2019-10-31,0.0013964897236748589
2019-11-01,-0.0052625701901176155
2019-11-04,0.0018792114428313068
2019-11-05,0.0005412984970336371
2019-11-06,-0.00730413507816316
2019-11-07,0.0028488578256965174
2019-11-08,
2019-11-11,
2019-11-12,
2019-11-13,
2019-11-14,
2019-11-15,
2019-11-18,
2019-11-19,
2019-11-20,
2019-11-21,
2019-11-22,
2019-11-25,
2019-11-26,
2019-11-27,
2019-11-28,
2019-11-29,
2019-12-02,
2019-12-03,
2019-12-04,
2019-12-05,
2019-12-06,0.0
2019-12-09,0.0
2019-12-10,-0.0
2019-12-11,-0.0
2019-12-12,0.0
2019-12-13,-0.001021878650295329
2019-12-16,0.016656866637342296
2019-12-17,0.026800811030907166
2019-12-18,0.02546064059717856
2019-12-19,-0.0013192866161030599
2019-12-20,0.011458652095127995
2019-12-23,0.0
2019-12-24,-0.0
2019-12-25,-0.0
2019-12-26,0.0
2019-12-27,0.0
2019-12-30,-0.0
2019-12-31,-0.0
2020-01-01,0.0
2020-01-02,-0.0
2020-01-03,-0.0
2020-01-06,-0.0
2020-01-07,0.0
2020-01-08,-0.0
2020-01-09,0.0
2020-01-10,-0.0
2020-01-13,-0.0
2020-01-14,-0.0
2020-01-15,0.0
2020-01-16,-0.0
2020-01-17,0.0
2020-01-20,-0.0
2020-01-21,-0.0
2020-01-22,0.0
2020-01-23,0.0
2020-01-24,0.0
2020-01-27,-0.0
2020-01-28,0.0
2020-01-29,-0.0
2020-01-30,0.0
2020-01-31,0.0
2020-02-03,0.0
2020-02-04,-0.0
2020-02-05,
2020-02-06,
2020-02-07,
2020-02-10,
2020-02-11,
2020-02-12,
2020-02-13,
2020-02-14,
2020-02-17,
2020-02-18,
2020-02-19,
2020-02-20,
2020-02-21,
2020-02-24,
2020-02-25,
2020-02-26,
2020-02-27,
2020-02-28,
2020-03-02,
2020-03-03,
2020-03-04,0.002027960514215518
2020-03-05,0.011988868762899242
2020-03-06,-0.0017180503523282465
2020-03-09,-0.0027358825736188133
2020-03-10,-0.0042732838618365
2020-03-11,-0.008907901223692937
2020-03-12,-0.0037857756030888457
2020-03-13,-0.015933144428618217
2020-03-16,-0.012354154139121767
2020-03-17,-0.011972494941174272
2020-03-18,0.00035435933186133014
2020-03-19,-0.02469519105010804
2020-03-20,0.008891222424562374
2020-03-23,0.0047348748681285
2020-03-24,-0.005006630488287247
2020-03-25,0.00764241026109315
2020-03-26,-0.0013607082583806192
2020-03-27,0.008517594998230836
2020-03-30,0.006733197925885559
2020-03-31,0.0012758661284631228
2020-04-01,0.0017290291002468464
2020-04-02,0.002007878532901533
2020-04-03,0.0
2020-04-06,-0.0
2020-04-07,0.0
2020-04-08,0.0
2020-04-09,0.0
2020-04-10,-0.0
2020-04-13,0.0
2020-04-14,0.0
2020-04-15,0.0
2020-04-16,-0.0
2020-04-17,0.0
2020-04-20,-0.0
2020-04-21,-0.0
2020-04-22,-0.0
2020-04-23,0.0
2020-04-24,0.0
2020-04-27,-0.0
2020-04-28,0.0
2020-04-29,0.0
2020-04-30,-0.0
2020-05-01,0.0
2020-05-04,
2020-05-05,
2020-05-06,
2020-05-07,
2020-05-08,
2020-05-11,
2020-05-12,
2020-05-13,
2020-05-14,
2020-05-15,
2020-05-18,
2020-05-19,
2020-05-20,
2020-05-21,
2020-05-22,
2020-05-25,
2020-05-26,
2020-05-27,
2020-05-28,
2020-05-29,
2020-06-01,-0.0
2020-06-02,0.0
2020-06-03,0.0
2020-06-04,-0.0
2020-06-05,-0.0
2020-06-08,0.0
2020-06-09,0.0
2020-06-10,-0.0
2020-06-11,-0.0
2020-06-12,-0.0
2020-06-15,-0.0
2020-06-16,0.0
2020-06-17,0.0
2020-06-18,-0.0
2020-06-19,-0.0
2020-06-22,-0.0
2020-06-23,0.0
2020-06-24,-0.0
2020-06-25,-0.0
2020-06-26,0.0
2020-06-29,-0.0
2020-06-30,-0.0008552898017748038
2020-07-01,0.028903665632081597
2020-07-02,0.017330867067444546
2020-07-03,0.0033514126929316476
2020-07-06,0.00047580573163044404
2020-07-07,-0.008103717698774514
2020-07-08,0.01626944323202235
2020-07-09,0.0
2020-07-10,0.0
2020-07-13,0.0
2020-07-14,-0.0
2020-07-15,-0.0
2020-07-16,0.0
2020-07-17,-0.0
2020-07-20,-0.0
2020-07-21,0.0
2020-07-22,0.0
2020-07-23,-0.0
2020-07-24,-0.0
2020-07-27,0.0
2020-07-28,0.0
2020-07-29,0.0
2020-07-30,
2020-07-31,
2020-08-03,
2020-08-04,
2020-08-05,
2020-08-06,
2020-08-07,
2020-08-10,
2020-08-11,
2020-08-12,
2020-08-13,
2020-08-14,
2020-08-17,
2020-08-18,
2020-08-19,
2020-08-20,
2020-08-21,
2020-08-24,
2020-08-25,
2020-08-26,
2020-08-27,0.0
2020-08-28,-0.0
2020-08-31,-0.0008367723397005378
2020-09-01,0.002859149021576147
2020-09-02,-0.017507950786999717
2020-09-03,-0.003503744256508493
2020-09-04,0.024477195967778455
2020-09-07,0.0036643208620684214
2020-09-08,0.017600643339268158
2020-09-09,0.023136573703544484
2020-09-10,0.0
2020-09-11,-0.0
2020-09-14,-0.0
2020-09-15,0.0
2020-09-16,0.0
2020-09-17,0.0
2020-09-18,-0.0
2020-09-21,-0.0
2020-09-22,-0.0
2020-09-23,-0.0
2020-09-24,0.0
2020-09-25,0.0
2020-09-28,0.0
2020-09-29,0.0
2020-09-30,-0.0
2020-10-01,0.0
2020-10-02,-0.0
2020-10-05,0.0
2020-10-06,0.0
2020-10-07,-0.0
2020-10-08,0.0
2020-10-09,0.0
2020-10-12,0.0
2020-10-13,0.0
2020-10-14,-0.0
2020-10-15,0.0
2020-10-16,-0.0
2020-10-19,0.0
2020-10-20,-0.0
2020-10-21,-0.0
2020-10-22,0.0
2020-10-23,-0.0
2020-10-26,-0.0
2020-10-27,
2020-10-28,
2020-10-29,
2020-10-30,
2020-11-02,
2020-11-03,
2020-11-04,
2020-11-05,
2020-11-06,
2020-11-09,
2020-11-10,
2020-11-11,
2020-11-12,
2020-11-13,
2020-11-16,
2020-11-17,
2020-11-18,
2020-11-19,
2020-11-20,
2020-11-23,
2020-11-24,0.0
2020-11-25,-0.0
2020-11-26,0.0
2020-11-27,-0.0
2020-11-30,-0.0
2020-12-01,0.0
2020-12-02,0.0
2020-12-03,-0.0
2020-12-04,0.0
2020-12-07,-0.0
2020-12-08,-0.0
2020-12-09,0.0
2020-12-10,0.0
2020-12-11,-0.0
2020-12-14,0.0
2020-12-15,0.0
2020-12-16,0.0
2020-12-17,0.0
2020-12-18,0.0
2020-12-21,-0.0
2020-12-22,0.0
2020-12-23,-0.0
2020-12-24,0.0
2020-12-25,0.0
2020-12-28,0.0
2020-12-29,-0.0
2020-12-30,0.0
2020-12-31,0.0
2021-01-01,-0.0007723288465672454
2021-01-04,0.01161131103601211
2021-01-05,0.028223338145388036
2021-01-06,-0.006831129696469203
2021-01-07,0.006776930894448101
2021-01-08,0.0032315888555585863
2021-01-11,0.0004629714470842684
2021-01-12,-0.0053533482235471755
2021-01-13,-0.019106254210117173
2021-01-14,-0.0011451126134718848
2021-01-15,-0.006509068176474852
2021-01-18,0.008635787844193686
2021-01-19,-4.179761847653525e-05
2021-01-20,-0.0037790036690657698
2021-01-21,-0.0056211568930348435
2021-01-22,
2021-01-25,
2021-01-26,
2021-01-27,
2021-01-28,
2021-01-29,
2021-02-01,
2021-02-02,
2021-02-03,
2021-02-04,
2021-02-05,
2021-02-08,
2021-02-09,
2021-02-10,
2021-02-11,
2021-02-12,
2021-02-15,
2021-02-16,
2021-02-17,
2021-02-18,
2021-02-19,-0.012589138654872658
2021-02-22,-0.007514875321173417
2021-02-23,-0.00215092492305373
2021-02-24,-0.011249354487147048
2021-02-25,-0.0028578455944115776
2021-02-26,0.018416880300131434
2021-03-01,-0.0021292090775635133
2021-03-02,0.002220080269634772
2021-03-03,-0.00013749656592905338
2021-03-04,0.00045558684967613805
2021-03-05,-0.004036966694013044
2021-03-08,0.0015646985881980196
2021-03-09,-0.00351657781508411
2021-03-10,-0.005098538761991982
2021-03-11,-0.0031350096290274194
2021-03-12,-0.002354973344808503
2021-03-15,0.005420627993677392
2021-03-16,0.0020612213986528154
2021-03-17,-0.0032461083792447304
2021-03-18,-0.0024026241225205184
2021-03-19,0.0007266002761787096
2021-03-22,0.010777624807673166
2021-03-23,0.000950437410368154
2021-03-24,0.010316279397607793
2021-03-25,-0.0
2021-03-26,0.0
2021-03-29,0.0
2021-03-30,-0.0
2021-03-31,0.0
2021-04-01,0.0
2021-04-02,0.0
2021-04-05,0.0
2021-04-06,0.0
2021-04-07,-0.0
2021-04-08,-0.0
2021-04-09,-0.0
2021-04-12,-0.0
2021-04-13,0.0
2021-04-14,-0.0
2021-04-15,-0.0
2021-04-16,0.0
2021-04-19,0.0
2021-04-20,0.0
2021-04-21,
2021-04-22,
2021-04-23,
2021-04-26,
2021-04-27,
2021-04-28,
2021-04-29,
2021-04-30,
2021-05-03,
2021-05-04,
2021-05-05,
2021-05-06,
2021-05-07,
2021-05-10,
2021-05-11,
2021-05-12,
2021-05-13,
2021-05-14,
2021-05-17,
2021-05-18,
2021-05-19,-0.0
2021-05-20,-0.0
2021-05-21,0.0
2021-05-24,-0.0
2021-05-25,-0.0
2021-05-26,-0.0
2021-05-27,0.0
2021-05-28,0.0
2021-05-31,-0.0
2021-06-01,0.0
2021-06-02,-0.0
2021-06-03,0.0
2021-06-04,0.0
2021-06-07,0.0
2021-06-08,-0.0
2021-06-09,-0.0
2021-06-10,-0.0
2021-06-11,0.0
2021-06-14,0.0
2021-06-15,-0.0
2021-06-16,-0.0
2021-06-17,0.0
2021-06-18,0.0
2021-06-21,-0.0
2021-06-22,0.0
2021-06-23,0.0
2021-06-24,0.0
2021-06-25,-0.0
2021-06-28,-0.0
2021-06-29,-0.0
2021-06-30,-0.0
2021-07-01,0.0
2021-07-02,-0.0
2021-07-05,0.0
2021-07-06,0.0
2021-07-07,-0.0
2021-07-08,0.0
2021-07-09,-0.0
2021-07-12,0.0
2021-07-13,-0.0
2021-07-14,0.0
2021-07-15,-0.0
2021-07-16,-0.0
2021-07-19,
2021-07-20,
2021-07-21,
2021-07-22,
2021-07-23,
2021-07-26,
2021-07-27,
2021-07-28,
2021-07-29,
2021-07-30,
2021-08-02,
2021-08-03,
2021-08-04,
2021-08-05,
2021-08-06,
2021-08-09,
2021-08-10,
2021-08-11,
2021-08-12,
2021-08-13,
2021-08-16,0.003292338722336169
2021-08-17,0.001648705329301563
2021-08-18,0.008098277192313675
2021-08-19,-0.003085696979449385
2021-08-20,0.01852131141472052
2021-08-23,-0.0
2021-08-24,0.0
2021-08-25,-0.0
2021-08-26,0.0
2021-08-27,-0.0
2021-08-30,0.0
2021-08-31,-0.0
2021-09-01,-0.0
2021-09-02,-0.0
2021-09-03,0.0
2021-09-06,0.0
2021-09-07,-0.0
2021-09-08,-0.0
2021-09-09,0.0
2021-09-10,0.0
2021-09-13,0.0
2021-09-14,-0.0
2021-09-15,-0.0
2021-09-16,0.0
2021-09-17,0.0
2021-09-20,-0.0
2021-09-21,-0.0
2021-09-22,0.0
2021-09-23,-0.0
2021-09-24,0.0
2021-09-27,-0.0
2021-09-28,0.0
2021-09-29,-0.0009570389677651701
2021-09-30,-0.009686339007510623
2021-10-01,0.026741138258192836
2021-10-04,0.018183970355585916
2021-10-05,0.0
2021-10-06,0.0
2021-10-07,0.0
2021-10-08,0.0
2021-10-11,-0.0
2021-10-12,-0.0
2021-10-13,0.0
2021-10-14,
2021-10-15,
2021-10-18,
2021-10-19,
2021-10-20,
2021-10-21,
2021-10-22,
2021-10-25,
2021-10-26,
2021-10-27,
2021-10-28,
2021-10-29,
2021-11-01,
2021-11-02,
2021-11-03,
2021-11-04,
2021-11-05,
2021-11-08,
2021-11-09,
2021-11-10,
2021-11-11,-0.0
2021-11-12,-0.0
2021-11-15,0.0
2021-11-16,0.0
2021-11-17,0.0
2021-11-18,-0.0007370667506059078
2021-11-19,0.011418426142669833
2021-11-22,-0.00896059445529144
2021-11-23,0.0003680542331986854
2021-11-24,0.007201562222836432
2021-11-25,0.0002656133500832362
2021-11-26,0.007160369101896603
2021-11-29,0.01583600077340972
2021-11-30,-0.0
2021-12-01,-0.0
2021-12-02,-0.0
2021-12-03,0.0
2021-12-06,-0.0
2021-12-07,0.0
2021-12-08,-0.0
2021-12-09,-0.0
2021-12-10,0.0
2021-12-13,0.0
2021-12-14,-0.0
2021-12-15,0.0
2021-12-16,0.0
2021-12-17,0.0
2021-12-20,0.0
2021-12-21,-0.0
2021-12-22,0.0
2021-12-23,0.0
2021-12-24,0.0
2021-12-27,0.0
2021-12-28,0.0
2021-12-29,0.0
2021-12-30,0.0
2021-12-31,0.0
2022-01-03,-0.0
2022-01-04,0.0
2022-01-05,-0.0009450277794716762
2022-01-06,0.002826977943237545
2022-01-07,0.0015864096856605878
2022-01-10,0.0007961025635709216
2022-01-11,
2022-01-12,
2022-01-13,
2022-01-14,
2022-01-17,
2022-01-18,
2022-01-19,
2022-01-20,
2022-01-21,
2022-01-24,
2022-01-25,
2022-01-26,
2022-01-27,
2022-01-28,
2022-01-31,
2022-02-01,
2022-02-02,
2022-02-03,
2022-02-04,
2022-02-07,
2022-02-08,0.0
2022-02-09,0.0
2022-02-10,-0.0
2022-02-11,0.0
2022-02-14,0.0
2022-02-15,0.0
2022-02-16,-0.0
2022-02-17,0.0
2022-02-18,0.0
2022-02-21,0.0
2022-02-22,0.0
2022-02-23,-0.0
2022-02-24,-0.0
2022-02-25,-0.0
2022-02-28,0.0
2022-03-01,0.0
2022-03-02,0.0
2022-03-03,0.0
2022-03-04,0.0
2022-03-07,0.0
2022-03-08,-0.0
2022-03-09,-0.0
2022-03-10,-0.0
2022-03-11,-0.0
2022-03-14,0.0
2022-03-15,-0.0
2022-03-16,0.0
2022-03-17,0.0
2022-03-18,-0.0
2022-03-21,0.0
2022-03-22,0.0
2022-03-23,0.0
2022-03-24,-0.0
2022-03-25,-0.0
2022-03-28,0.0
2022-03-29,-0.0
2022-03-30,-0.0009693831574724006
2022-03-31,-0.012482032156891282
2022-04-01,0.027245360229093057
2022-04-04,-0.00383463610836098
2022-04-05,0.017603287880864283
2022-04-06,0.0
2022-04-07,0.0
2022-04-08,
2022-04-11,
2022-04-12,
2022-04-13,
2022-04-14,
2022-04-15,
2022-04-18,
2022-04-19,
2022-04-20,
2022-04-21,
2022-04-22,
2022-04-25,
2022-04-26,
2022-04-27,
2022-04-28,
2022-04-29,
2022-05-02,
2022-05-03,
2022-05-04,
2022-05-05,
2022-05-06,-0.022402405866982472
2022-05-09,-0.0038647238777351064
2022-05-10,-0.0021911157551871654
2022-05-11,-9.056682301049027e-05
2022-05-12,-0.0070903463275079955
2022-05-13,0.010136128865095387
2022-05-16,0.0037740247589610255
2022-05-17,0.003550556873162233
2022-05-18,0.006590887284376715
2022-05-19,-0.00734007408757125
2022-05-20,0.002239239845687462
2022-05-23,0.004967549370606184
2022-05-24,-0.0035636563854570978
2022-05-25,-0.0072638055662482
2022-05-26,0.008363517391425157
2022-05-27,-0.0009453789310667546
2022-05-30,0.0012338473196986664
2022-05-31,-0.001882342544292646
2022-06-01,-0.0003269324944628812
2022-06-02,-0.005596581558894426
2022-06-03,0.001403718116854374
2022-06-06,-0.008289132132601887
2022-06-07,0.007638773304686547
2022-06-08,0.00665112523020709
2022-06-09,-0.0
2022-06-10,0.0
2022-06-13,-0.0
2022-06-14,-0.0
2022-06-15,-0.0003199886980770291
2022-06-16,0.018626930159429577
2022-06-17,0.011635419788466033
2022-06-20,-0.00853166260571823
2022-06-21,-0.00025137781702200675
2022-06-22,0.0005270002433980957
2022-06-23,-0.005242678768430156
2022-06-24,0.005789326975968675
2022-06-27,-0.002213572947660313
2022-06-28,-0.003298112664187667
2022-06-29,-0.0032290355182265527
2022-06-30,0.0011307648383322324
2022-07-01,0.0002284584381079965
2022-07-04,-0.0025380501301175977
2022-07-05,0.0016259914911763468
2022-07-06,
2022-07-07,
2022-07-08,
2022-07-11,
2022-07-12,
2022-07-13,
2022-07-14,
2022-07-15,
2022-07-18,
2022-07-19,
2022-07-20,
2022-07-21,
2022-07-22,
2022-07-25,
2022-07-26,
2022-07-27,
2022-07-28,
2022-07-29,
2022-08-01,
2022-08-02,
2022-08-03,-0.0
2022-08-04,-0.0
2022-08-05,-0.0
2022-08-08,-0.0
2022-08-09,0.0
2022-08-10,-0.0
2022-08-11,0.0
2022-08-12,-0.0
2022-08-15,-0.0
2022-08-16,-0.0
2022-08-17,0.0
2022-08-18,-0.0
2022-08-19,-0.0
2022-08-22,-0.0
2022-08-23,0.0
2022-08-24,0.0
2022-08-25,-0.0
2022-08-26,0.0
2022-08-29,-0.0
2022-08-30,-0.0008135372172958409
2022-08-31,-0.02890366562891032
2022-09-01,-0.021143696350478837
2022-09-02,0.003909592032417914
2022-09-05,-0.011892147172600663
2022-09-06,0.013961608094732639
2022-09-07,-0.0034432190442295904
2022-09-08,-0.013220430084055547
2022-09-09,-0.002100377881383954
2022-09-12,0.010410517196109572
2022-09-13,0.005192472707912972
2022-09-14,-0.012936606209098353
2022-09-15,0.006100921451347168
2022-09-16,-0.014012442528807055
2022-09-19,-0.006418257898308765
2022-09-20,0.0007140194439642349
2022-09-21,-0.0030137722036064655
2022-09-22,-0.0035898644133753603
2022-09-23,6.888061765623866e-05
2022-09-26,-0.026537735862206736
2022-09-27,0.001636997752107837
2022-09-28,-0.001964004232007653
2022-09-29,0.0022462836759539182
2022-09-30,0.01494119888314911
2022-10-03,
2022-10-04,
2022-10-05,
2022-10-06,
2022-10-07,
2022-10-10,
2022-10-11,
2022-10-12,
2022-10-13,
2022-10-14,
2022-10-17,
2022-10-18,
2022-10-19,
2022-10-20,
2022-10-21,
2022-10-24,
2022-10-25,
2022-10-26,
2022-10-27,
2022-10-28,
2022-10-31,0.0
2022-11-01,-0.0
2022-11-02,0.0
2022-11-03,-0.0
2022-11-04,-0.0
2022-11-07,-0.0
2022-11-08,0.0
2022-11-09,-0.0
2022-11-10,-0.0
2022-11-11,0.0
2022-11-14,-0.0
2022-11-15,-0.0
2022-11-16,0.0
2022-11-17,-0.0
2022-11-18,-0.0
2022-11-21,0.0
2022-11-22,0.0
2022-11-23,0.0
2022-11-24,0.0
2022-11-25,-0.0009121144087720075
2022-11-28,0.008192207565009822
2022-11-29,0.028293621815080838
2022-11-30,-0.0025408761854365794
2022-12-01,-0.01168594523473926
2022-12-02,-0.01974788780934505
2022-12-05,-0.005302864720395358
2022-12-06,0.012373504635381467
2022-12-07,0.006677961563234006
2022-12-08,-0.0072836016351007435
2022-12-09,0.004022762211284763
2022-12-12,-0.007284137376617099
2022-12-13,-0.002412579278445639
2022-12-14,-0.0008136526888791067
2022-12-15,-0.0027746466802293416
2022-12-16,0.02215859123671987
2022-12-19,0.0
2022-12-20,-0.0
2022-12-21,0.0
2022-12-22,-0.0
2022-12-23,-0.0
2022-12-26,-0.0
2022-12-27,0.0
2022-12-28,-0.0
2022-12-29,
2022-12-30,
2023-01-02,
2023-01-03,
2023-01-04,
2023-01-05,
2023-01-06,
2023-01-09,
2023-01-10,
2023-01-11,
2023-01-12,
2023-01-13,
2023-01-16,
2023-01-17,
2023-01-18,
2023-01-19,
2023-01-20,
2023-01-23,
2023-01-24,
2023-01-25,
2023-01-26,0.0
2023-01-27,0.0
2023-01-30,0.0
2023-01-31,-0.0
2023-02-01,-0.0
2023-02-02,-0.0
2023-02-03,-0.0
2023-02-06,-0.0004373159044714741
2023-02-07,0.008604049432687307
2023-02-08,0.005303721747899574
2023-02-09,0.006047109662331257
2023-02-10,0.0031745154385407377
2023-02-13,0.0016860618561030903
2023-02-14,0.008206982302021248
2023-02-15,0.0
2023-02-16,-0.0
2023-02-17,-0.0
2023-02-20,0.0
2023-02-21,0.0
2023-02-22,0.0
2023-02-23,-0.0
2023-02-24,-0.0
2023-02-27,-0.0
2023-02-28,0.0
2023-03-01,0.0
2023-03-02,-0.0
2023-03-03,-0.0
2023-03-06,0.0
2023-03-07,-0.0
2023-03-08,-0.0
2023-03-09,0.0
2023-03-10,0.0
2023-03-13,0.0
2023-03-14,0.0
2023-03-15,-0.0
2023-03-16,0.0
2023-03-17,0.0
2023-03-20,0.0
2023-03-21,0.0
2023-03-22,-0.0
2023-03-23,-0.0
2023-03-24,0.0
2023-03-27,0.0
2023-03-28,
2023-03-29,
2023-03-30,
2023-03-31,
2023-04-03,
2023-04-04,
2023-04-05,
2023-04-06,
2023-04-07,
2023-04-10,
2023-04-11,
2023-04-12,
2023-04-13,
2023-04-14,
2023-04-17,
2023-04-18,
2023-04-19,
2023-04-20,
2023-04-21,
2023-04-24,
2023-04-25,-0.0
2023-04-26,0.0
2023-04-27,-0.0
2023-04-28,0.0
2023-05-01,0.0
2023-05-02,-0.0
2023-05-03,-0.0
2023-05-04,0.0
2023-05-05,0.0
2023-05-08,-0.0010334065560203677
2023-05-09,-0.003852433801623497
2023-05-10,-0.020018989814885042
2023-05-11,0.008502768743610976
2023-05-12,0.012252264891124302
2023-05-15,-0.006239066188577893
2023-05-16,-0.017185265097719366
2023-05-17,0.010093409366818778
2023-05-18,-0.00989009797961523
2023-05-19,-0.00213844231764273
2023-05-22,0.0029102814403547156
2023-05-23,0.003729200357503298
2023-05-24,-0.009740775548958152
2023-05-25,0.008479739077941787
2023-05-26,0.0033731940464289353
2023-05-29,-0.007971673415409464
2023-05-30,-0.005549640341601781
2023-05-31,-0.007894467335251626
2023-06-01,-0.017287752447455427
2023-06-02,0.0005050102120603292
2023-06-05,0.0038316443595401684
2023-06-06,0.002728422555444362
2023-06-07,-0.002651609651385746
2023-06-08,-0.0012430676538809824
2023-06-09,-0.00460456504529462
2023-06-12,-0.012870909872440344
2023-06-13,0.014541542713439833
2023-06-14,-0.010383812667073956
2023-06-15,0.0005100678298463205
2023-06-16,0.0023298686248013557
2023-06-19,-0.00835582604182637
2023-06-20,0.0022566532289941283
2023-06-21,0.004107368209675783
2023-06-22,0.01256637501685432
2023-06-23,
2023-06-26,
2023-06-27,
2023-06-28,
2023-06-29,
2023-06-30,
2023-07-03,
2023-07-04,
2023-07-05,
2023-07-06,
2023-07-07,
2023-07-10,
2023-07-11,
2023-07-12,
2023-07-13,
2023-07-14,
2023-07-17,
2023-07-18,
2023-07-19,
2023-07-20,
2023-07-21,0.0
2023-07-24,-0.0
2023-07-25,0.0
2023-07-26,0.0
2023-07-27,-0.0
2023-07-28,-0.0
2023-07-31,0.0
2023-08-01,0.0
2023-08-02,-0.0
2023-08-03,0.0
2023-08-04,-0.0
2023-08-07,-0.0
2023-08-08,0.0
2023-08-09,0.0
2023-08-10,-0.0
2023-08-11,-0.0
2023-08-14,0.0
2023-08-15,0.0
2023-08-16,0.0
2023-08-17,0.0
2023-08-18,0.0
2023-08-21,-0.0
2023-08-22,-0.0
2023-08-23,0.0
2023-08-24,-0.0
2023-08-25,-0.0
2023-08-28,-0.0
2023-08-29,-0.0
2023-08-30,-0.0
2023-08-31,-0.0
2023-09-01,0.0
2023-09-04,0.0
2023-09-05,0.0
2023-09-06,0.0
2023-09-07,-0.0
2023-09-08,0.0
2023-09-11,-0.0
2023-09-12,-0.0
2023-09-13,-0.0
2023-09-14,0.0
2023-09-15,0.0
2023-09-18,-0.0
2023-09-19,-0.0
2023-09-20,
2023-09-21,
2023-09-22,
2023-09-25,
2023-09-26,
2023-09-27,
2023-09-28,
2023-09-29,
2023-10-02,
2023-10-03,
2023-10-04,
2023-10-05,
2023-10-06,
2023-10-09,
2023-10-10,
2023-10-11,
2023-10-12,
2023-10-13,
2023-10-16,
2023-10-17,
2023-10-18,-0.0
2023-10-19,0.0
2023-10-20,-0.0010755994657919475
2023-10-23,0.009107082048119011
2023-10-24,-0.007918926072364406
2023-10-25,0.004141050507535807
2023-10-26,-0.00879665520290857
2023-10-27,0.015398224049846287
2023-10-30,-0.008545129466768293
2023-10-31,-0.0071579653124061084
2023-11-01,0.013925808716679653
2023-11-02,0.007784676235306184
2023-11-03,-0.011739486878646847
2023-11-06,0.010675702674529839
2023-11-07,-0.004605587343208142
2023-11-08,-0.006319295346624791
2023-11-09,-0.007828857733290649
2023-11-10,-0.003475655500651642
2023-11-13,-0.0055512155011094326
2023-11-14,0.010237452329930745
2023-11-15,-0.005213663378213803
2023-11-16,-0.01027787933318489
2023-11-17,-0.0015947233223002997
2023-11-20,-0.0077302980738091776
2023-11-21,0.0008483349963346156
2023-11-22,0.015087969472004109
2023-11-23,-0.003819428389660818
2023-11-24,0.005034677994891837
2023-11-27,0.004664837705407446
2023-11-28,0.0016224733541676647
2023-11-29,0.0
2023-11-30,0.0
2023-12-01,0.0
2023-12-04,0.0
2023-12-05,-0.0
2023-12-06,0.0
2023-12-07,0.0
2023-12-08,-0.0
2023-12-11,0.0
2023-12-12,-0.0
2023-12-13,-0.0
2023-12-14,-0.0
2023-12-15,0.0
2023-12-18,
2023-12-19,
2023-12-20,
2023-12-21,
2023-12-22,
2023-12-25,
2023-12-26,
2023-12-27,
2023-12-28,
2023-12-29,
2024-01-01,
2024-01-02,
2024-01-03,
2024-01-04,
2024-01-05,
2024-01-08,
2024-01-09,
2024-01-10,
2024-01-11,
2024-01-12,
2024-01-15,0.0
2024-01-16,-0.0
2024-01-17,0.0
2024-01-18,0.0
2024-01-19,0.0
2024-01-22,-0.0
2024-01-23,0.0
2024-01-24,0.0
2024-01-25,-0.0
2024-01-26,-0.001064771270348393
2024-01-29,0.002354481618562156
2024-01-30,-0.010875393764671306
2024-01-31,0.011639227680589738
2024-02-01,-0.01387589584727511
2024-02-02,0.00977370966484661
2024-02-05,5.877940829968238e-05
2024-02-06,0.01472327437230915
2024-02-07,-0.01684303960135095
2024-02-08,0.0011969910943272993
2024-02-09,0.0028481164141095586
2024-02-12,0.003496337928296259
2024-02-13,-0.007564295753646871
2024-02-14,-0.013026938783058361
2024-02-15,0.012944223093447784
2024-02-16,0.005795734691181481
2024-02-19,0.0006345626506055902
2024-02-20,0.0025907790268867447
2024-02-21,0.0017475648061953336
2024-02-22,0.0
2024-02-23,0.0
2024-02-26,0.0
2024-02-27,-0.0
2024-02-28,0.0
2024-02-29,-0.0
2024-03-01,0.0
2024-03-04,-0.0
2024-03-05,0.0
2024-03-06,0.0
2024-03-07,-0.0
2024-03-08,0.0
2024-03-11,0.0
2024-03-12,-0.0
2024-03-13,-0.0
2024-03-14,
2024-03-15,
2024-03-18,
2024-03-19,
2024-03-20,
2024-03-21,
2024-03-22,
2024-03-25,
2024-03-26,
2024-03-27,
2024-03-28,
2024-03-29,
2024-04-01,
2024-04-02,
2024-04-03,
2024-04-04,
2024-04-05,
2024-04-08,
2024-04-09,
2024-04-10,
2024-04-11,-0.0
2024-04-12,0.0
2024-04-15,-0.0
2024-04-16,0.0
2024-04-17,-0.0
2024-04-18,-0.0
2024-04-19,0.0
2024-04-22,-0.000996339356668481
2024-04-23,-0.008366469948891193
2024-04-24,0.018171011564784564
2024-04-25,0.004562210278375722
2024-04-26,0.006076017659399475
2024-04-29,0.010100269469151432
2024-04-30,0.0
2024-05-01,-0.0
2024-05-02,-0.0
2024-05-03,-0.0
2024-05-06,-0.0
2024-05-07,0.0
2024-05-08,-0.0
2024-05-09,-0.000996339356668481
2024-05-10,-0.004686096050085719
2024-05-13,0.005666710726091391
2024-05-14,0.004902293094383715
2024-05-15,-0.00034771584564424816
2024-05-16,0.006036034865843562
2024-05-17,0.0
2024-05-20,0.0
2024-05-21,0.0
2024-05-22,0.0
2024-05-23,-0.000996339356668481
2024-05-24,0.004865703745482833
2024-05-27,-0.0005109906033690364
2024-05-28,-0.007702115668502178
2024-05-29,0.0009090445333862472
2024-05-30,0.0007665650775731843
2024-05-31,0.002658488960549871
2024-06-03,0.00285108233451002
2024-06-04,-0.0012133791167587152
2024-06-05,0.002892093798375398
2024-06-06,-0.011848361991981152
2024-06-07,0.009651264984577555
2024-06-10,-0.02281898096051581
2024-06-11,
2024-06-12,
2024-06-13,
2024-06-14,
2024-06-17,
2024-06-18,
2024-06-19,
2024-06-20,
2024-06-21,
2024-06-24,
2024-06-25,
2024-06-26,
2024-06-27,
2024-06-28,
2024-07-01,
2024-07-02,
2024-07-03,
2024-07-04,
2024-07-05,
2024-07-08,
2024-07-09,-0.0008903527065998138
2024-07-10,0.0026317401223112076
2024-07-11,-0.01210159195201903
2024-07-12,-0.007442494401075876
2024-07-15,-0.008569879833466094
2024-07-16,0.0047730203078624875
2024-07-17,-0.0020185242641447914
2024-07-18,0.0044208799513987184
2024-07-19,0.0030723597224222815
2024-07-22,0.004670077332806073
2024-07-23,-0.0030794557460787795
2024-07-24,-0.004652213648809994
2024-07-25,-0.0037396114600455376
2024-07-26,0.01531935303073156
2024-07-29,-0.0024496530753530966
2024-07-30,-0.00886938673510529
2024-07-31,0.005366438623902218
2024-08-01,-0.001913674117206142
2024-08-02,0.017034513067214336
2024-08-05,-0.0
2024-08-06,-0.0
2024-08-07,-0.0005696483057260193
2024-08-08,-0.0015769172288298593
2024-08-09,0.01684343085231943
2024-08-12,0.0011000342335896571
2024-08-13,-0.001095143964055332
2024-08-14,0.00532096110422804
2024-08-15,-0.01077956552754065
2024-08-16,0.013374003876175919
2024-08-19,0.004165555173352433
2024-08-20,-0.0
2024-08-21,-0.0
2024-08-22,0.0
2024-08-23,0.0
2024-08-26,0.0
2024-08-27,0.0
2024-08-28,0.0
2024-08-29,-0.0
2024-08-30,0.0
2024-09-02,0.0
2024-09-03,-0.0
2024-09-04,-0.0
2024-09-05,-0.0
2024-09-06,
2024-09-09,
2024-09-10,
2024-09-11,
2024-09-12,
2024-09-13,
2024-09-16,
2024-09-17,
2024-09-18,
2024-09-19,
2024-09-20,
2024-09-23,
2024-09-24,
2024-09-25,
2024-09-26,
2024-09-27,
2024-09-30,
2024-10-01,
2024-10-02,
2024-10-03,
2024-10-04,0.024020152280137055
2024-10-07,0.0
2024-10-08,-0.0
2024-10-09,0.0
2024-10-10,0.0
2024-10-11,0.0
2024-10-14,-0.0
2024-10-15,0.0
2024-10-16,0.0
2024-10-17,-0.0
2024-10-18,0.0
2024-10-21,-0.0
2024-10-22,0.0
2024-10-23,0.0
2024-10-24,-0.0
2024-10-25,-0.0
2024-10-28,0.0
2024-10-29,-0.0
2024-10-30,0.0
2024-10-31,-0.0
2024-11-01,-0.0
2024-11-04,0.0
2024-11-05,0.0
2024-11-06,0.0
2024-11-07,0.0
2024-11-08,0.0
2024-11-11,0.0
2024-11-12,0.0
2024-11-13,-0.0
2024-11-14,0.0
2024-11-15,0.0
2024-11-18,-0.0
2024-11-19,-0.0
2024-11-20,-0.0
2024-11-21,0.0
2024-11-22,0.0
2024-11-25,-0.0
2024-11-26,-0.0
2024-11-27,-0.0
2024-11-28,0.0
2024-11-29,0.0
2024-12-02,0.0
2024-12-03,0.0
2024-12-04,
2024-12-05,
2024-12-06,
2024-12-09,
2024-12-10,
2024-12-11,
2024-12-12,
2024-12-13,
2024-12-16,
2024-12-17,
2024-12-18,
2024-12-19,
2024-12-20,
2024-12-23,
2024-12-24,
2024-12-25,
2024-12-26,
2024-12-27,
2024-12-30,
2024-12-31,
2025-01-01,-0.0
2025-01-02,-0.0072718418306723515
2025-01-03,0.0018947529703750724
2025-01-06,0.0012862824729568286
2025-01-07,0.005179250960295492
2025-01-08,-0.0038510465749360375
2025-01-09,0.009110270966170191
2025-01-10,-0.0
2025-01-13,-0.0
2025-01-14,-0.0
2025-01-15,-0.0
2025-01-16,0.0
2025-01-17,-0.0
2025-01-20,-0.0
2025-01-21,-0.0
2025-01-22,0.0
2025-01-23,-0.0
2025-01-24,0.0
2025-01-27,0.0
2025-01-28,0.0
2025-01-29,0.0
2025-01-30,0.0
2025-01-31,0.0
2025-02-03,0.0
2025-02-04,0.0
2025-02-05,-0.0
2025-02-06,-0.0
2025-02-07,-0.0
2025-02-10,0.0
2025-02-11,-0.0
2025-02-12,-0.0
2025-02-13,-0.0
2025-02-14,0.0
2025-02-17,-0.0
2025-02-18,0.0
2025-02-19,0.0
2025-02-20,-0.0
2025-02-21,-0.0
2025-02-24,0.0
2025-02-25,-0.0
2025-02-26,-0.0
2025-02-27,0.0
2025-02-28,0.0
2025-03-03,
2025-03-04,
2025-03-05,
2025-03-06,
2025-03-07,
2025-03-10,
2025-03-11,
2025-03-12,
2025-03-13,
2025-03-14,
2025-03-17,
2025-03-18,
2025-03-19,
2025-03-20,
2025-03-21,
2025-03-24,
2025-03-25,
2025-03-26,
2025-03-27,
2025-03-28,
2025-03-31,-0.0
2025-04-01,-0.0
2025-04-02,0.0
2025-04-03,0.0
2025-04-04,-0.0
2025-04-07,-0.0
2025-04-08,-0.0
2025-04-09,0.0
2025-04-10,0.0
2025-04-11,-0.0
2025-04-14,0.0
2025-04-15,0.0
2025-04-16,0.0
2025-04-17,-0.0
2025-04-18,0.0
2025-04-21,0.0
2025-04-22,0.0
2025-04-23,0.0
2025-04-24,0.0
2025-04-25,0.0
2025-04-28,-0.0
2025-04-29,0.0
2025-04-30,-0.0
2025-05-01,-0.0
2025-05-02,-0.0
2025-05-05,-0.0
2025-05-06,0.0
2025-05-07,0.0
2025-05-08,-0.0
2025-05-09,0.0
2025-05-12,0.0
2025-05-13,-0.0
2025-05-14,0.0
2025-05-15,-0.0
2025-05-16,0.0
2025-05-19,0.0
2025-05-20,0.0
2025-05-21,-0.0
2025-05-22,-0.0
2025-05-23,0.0
2025-05-26,0.0
2025-05-27,-0.000840543886511829
2025-05-28,0.003757620112715401
2025-05-29,
2025-05-30,
2025-06-02,
2025-06-03,
2025-06-04,
2025-06-05,
2025-06-06,
2025-06-09,
2025-06-10,
2025-06-11,
2025-06-12,
2025-06-13,
2025-06-16,
2025-06-17,
2025-06-18,
2025-06-19,
2025-06-20,
2025-06-23,
2025-06-24,
2025-06-25,
2025-06-26,0.0
2025-06-27,0.0
2025-06-30,-0.0
2025-07-01,-0.0
2025-07-02,-0.0
2025-07-03,-0.0
2025-07-04,0.0
2025-07-07,-0.0
2025-07-08,0.0
2025-07-09,-0.0
2025-07-10,0.0
2025-07-11,0.0
2025-07-14,-0.0
2025-07-15,-0.0008950927181298952
2025-07-16,0.007058523243727993
2025-07-17,-0.0030147087593819575
2025-07-18,0.014882308313032534
2025-07-21,-0.011364038942593448
2025-07-22,0.005698111402301954
2025-07-23,-0.003160371535191925
2025-07-24,0.009611329659571538
2025-07-25,-0.018108847720189454
2025-07-28,-0.018443432490924106
2025-07-29,0.014533182170979939
2025-07-30,0.007660147145386458
2025-07-31,0.003328499405863046
2025-08-01,-0.008832238488079642
2025-08-04,-0.012669647175215583
2025-08-05,0.0018283083919315355
2025-08-06,0.001187126373202709
2025-08-07,-0.003233311019741026
2025-08-08,0.013053884892961217
2025-08-11,0.003037723433452786
2025-08-12,0.002809808386063205
2025-08-13,0.002056831437485497
2025-08-14,0.0
2025-08-15,0.0
2025-08-18,-0.0
2025-08-19,-0.0
2025-08-20,0.0
2025-08-21,-0.0
2025-08-22,-0.0
2025-08-25,0.0
2025-08-26,
2025-08-27,
2025-08-28,
2025-08-29,
2025-09-01,
2025-09-02,
2025-09-03,
2025-09-04,
2025-09-05,
2025-09-08,
2025-09-09,
2025-09-10,
2025-09-11,
2025-09-12,
2025-09-15,
2025-09-16,
2025-09-17,
2025-09-18,
2025-09-19,
2025-09-22,
2025-09-23,-0.0
2025-09-24,-0.0
2025-09-25,-0.0
2025-09-26,-0.0009126165120305345
2025-09-29,0.01075560739615113
2025-09-30,0.002632915652716033
2025-10-01,0.0007354185767653896
2025-10-02,0.01338082376520056
2025-10-03,-0.0
2025-10-06,-0.0
2025-10-07,0.0
2025-10-08,-0.0
2025-10-09,0.0
2025-10-10,-0.0
2025-10-13,-0.0
2025-10-14,0.0
2025-10-15,-0.0
2025-10-16,0.0
2025-10-17,-0.0
2025-10-20,0.0
2025-10-21,-0.0
2025-10-22,0.0
2025-10-23,-0.0
2025-10-24,-0.0
2025-10-27,-0.0
2025-10-28,-0.0
2025-10-29,-0.0009126165120305345
2025-10-30,-0.012363555085476235
2025-10-31,-0.0027729940573833003
2025-11-03,0.00660128727267451
2025-11-04,0.003383357236583371
2025-11-05,-0.02625394201316306
2025-11-06,0.006310277905911272
2025-11-07,0.010969481845614321
2025-11-10,0.0018744450179960285
2025-11-11,0.0048517913545396115
2025-11-12,-0.01207167172199573
2025-11-13,-0.007158926321597095
2025-11-14,-0.0031084630486667743
2025-11-17,0.005541512664182466
2025-11-18,0.004451834044657933
2025-11-19,3.557424999043926e-05
2025-11-20,-0.010476279312659889
